sys_id,distribution,kernel_ver,total_vul,vul_patched,ip4_add,owner_id,last_update_date
WEB111043325,Red Hat,3.10.0,395,130,192.168.97.1,eu_22256,2023-10-28 00:05:13.787746
SYS121819604,CentOS,3.10.0,408,106,10.12.252.150,au_15315,2023-10-14 00:05:13.787746
WEB011338907,Debian,5.10.0,191,108,192.168.122.26,au_16507,2023-11-12 00:05:13.787746
WEB093863791,Ubuntu,5.10.0,215,120,172.25.216.238,eu_22256,2023-11-03 00:05:13.787746
SYS050265426,SUSE,4.19.0,303,145,172.30.96.185,au_77600,2023-11-06 00:05:13.787746
SYS045116153,CentOS,4.18.0,306,116,10.28.179.43,eu_56544,2023-10-29 00:05:13.787746
WEB069407819,Ubuntu,4.15.0,317,168,172.17.94.188,us_52113,2023-11-11 00:05:13.787746
APP071849591,CentOS,3.10.0,389,159,172.30.170.248,au_11362,2023-11-02 00:05:13.787746
WEB041034132,Red Hat,4.18.0,313,190,192.168.76.67,eu_77467,2023-11-16 00:05:13.787746
WEB026475253,SUSE,5.10.0,192,144,192.168.36.225,eu_10858,2023-11-17 00:05:13.787746
WEB063419285,Ubuntu,4.15.0,306,125,10.250.80.104,us_68077,2023-10-20 00:05:13.787746
WEB123276481,Ubuntu,5.10.0,187,151,192.168.23.115,au_75432,2023-11-25 00:05:13.787746
SYS045030569,Ubuntu,5.10.0,181,148,10.66.213.215,eu_69372,2023-11-25 00:05:13.787746
WEB051395379,Ubuntu,5.4.0,201,122,10.25.148.24,au_25552,2023-11-17 00:05:13.787746
APP077242383,Ubuntu,5.4.0,162,124,172.19.29.4,au_75432,2023-11-19 00:05:13.787746
SYS094969652,CentOS,4.18.0,294,129,172.18.11.240,au_16507,2023-11-04 00:05:13.787746
APP042871019,SUSE,4.19.0,267,157,10.112.238.225,au_11362,2023-11-14 00:05:13.787746
APP032691665,Red Hat,3.10.0,415,186,10.218.56.99,eu_69372,2023-10-27 00:05:13.787746
APP107848013,Red Hat,3.10.0,421,67,172.28.221.65,eu_69372,2023-10-11 00:05:13.787746
APP118451460,Red Hat,4.18.0,282,174,172.20.101.0,au_89783,2023-11-08 00:05:13.787746
SYS037048284,Red Hat,3.10.0,408,138,172.22.210.203,au_18036,2023-10-21 00:05:13.787746
SYS024893251,CentOS,4.18.0,317,202,10.171.199.37,eu_77467,2023-11-09 00:05:13.787746
APP038809574,Debian,5.15.0,218,150,10.72.80.48,eu_23263,2023-11-20 00:05:13.787746
APP011543035,SUSE,5.10.0,204,163,172.27.214.113,us_15438,2023-12-06 00:05:13.787746
SYS101171825,Ubuntu,5.10.0,214,121,192.168.124.190,au_75432,2023-11-04 00:05:13.787746
SYS037824893,Debian,5.10.0,187,121,192.168.51.46,au_89783,2023-11-21 00:05:13.787746
SYS073834656,Red Hat,5.6.0,201,114,192.168.80.197,us_68077,2023-11-09 00:05:13.787746
WEB088713319,Debian,4.19.0,290,185,10.41.84.121,au_86362,2023-11-23 00:05:13.787746
WEB060983934,SUSE,5.10.0,185,148,10.45.163.235,au_25552,2023-11-27 00:05:13.787746
WEB011031055,Ubuntu,5.10.0,200,162,192.168.145.69,us_52113,2023-11-27 00:05:13.787746
APP028347389,Ubuntu,5.10.0,206,170,172.31.59.126,us_68077,2023-12-04 00:05:13.787746
WEB039973768,SUSE,4.12.0,323,122,192.168.73.66,eu_10858,2023-10-13 00:05:13.787746
APP041165661,SUSE,4.19.0,305,143,192.168.230.157,eu_11838,2023-10-23 00:05:13.787746
APP080106513,Red Hat,3.10.0,412,70,172.21.149.231,au_25552,2023-09-30 00:05:13.787746
WEB043387269,Ubuntu,5.4.0,213,129,192.168.92.41,eu_10858,2023-11-08 00:05:13.787746
APP034731785,Debian,5.10.0,253,156,192.168.45.17,eu_10858,2023-11-18 00:05:13.787746
WEB020801328,CentOS,5.6.0,163,112,192.168.154.54,eu_69372,2023-11-16 00:05:13.787746
WEB077736022,CentOS,4.18.0,286,122,172.23.138.90,eu_11838,2023-11-02 00:05:13.787746
SYS070647464,SUSE,4.12.0,329,125,10.48.253.121,us_19904,2023-10-30 00:05:13.787746
WEB128723434,Red Hat,3.10.0,392,78,192.168.112.68,au_86362,2023-09-26 00:05:13.787746
SYS019805005,CentOS,4.18.0,317,123,172.22.168.211,au_16507,2023-10-21 00:05:13.787746
WEB107882082,Ubuntu,5.10.0,204,171,172.19.155.17,eu_51465,2023-12-04 00:05:13.787746
WEB022191366,SUSE,5.10.0,242,188,10.242.230.61,au_18036,2023-12-02 00:05:13.787746
SYS029399093,Debian,4.19.0,277,177,172.17.97.51,au_75432,2023-11-13 00:05:13.787746
SYS026998549,SUSE,5.10.0,224,152,10.145.243.250,eu_51465,2023-11-28 00:05:13.787746
WEB045346240,Debian,5.10.0,234,147,10.171.40.170,us_34800,2023-11-22 00:05:13.787746
APP085107999,SUSE,4.19.0,279,164,192.168.232.2,au_40513,2023-11-20 00:05:13.787746
SYS021838426,SUSE,4.12.0,315,141,10.26.219.150,eu_22256,2023-10-29 00:05:13.787746
APP061354274,SUSE,4.19.0,280,123,192.168.14.225,us_52113,2023-10-26 00:05:13.787746
APP094980848,Debian,4.19.0,300,126,172.18.68.123,au_89783,2023-11-04 00:05:13.787746
APP111241185,Debian,5.10.0,194,114,10.166.229.215,eu_77467,2023-11-06 00:05:13.787746
SYS034493531,SUSE,4.12.0,251,107,172.26.108.2,au_40513,2023-11-01 00:05:13.787746
APP114874012,CentOS,5.6.0,208,137,10.166.250.205,eu_69372,2023-11-13 00:05:13.787746
SYS116400523,Red Hat,4.18.0,302,166,10.211.63.182,eu_51465,2023-10-28 00:05:13.787746
APP114278689,Red Hat,4.18.0,329,121,10.112.250.181,us_34800,2023-10-18 00:05:13.787746
WEB011128052,Red Hat,3.10.0,412,86,10.248.4.73,us_10113,2023-09-30 00:05:13.787746
WEB108262041,Debian,4.19.0,345,203,10.74.53.190,au_25552,2023-11-01 00:05:13.787746
SYS060533151,Debian,5.10.0,202,119,10.232.244.144,eu_69372,2023-11-11 00:05:13.787746
WEB096923227,CentOS,3.10.0,397,99,10.69.214.211,au_89783,2023-10-07 00:05:13.787746
WEB070256347,Red Hat,4.18.0,296,180,172.27.121.146,eu_11838,2023-11-05 00:05:13.787746
APP031607333,Red Hat,5.6.0,191,114,172.20.18.30,au_86362,2023-11-14 00:05:13.787746
SYS085433032,SUSE,4.12.0,255,94,10.30.138.171,au_25552,2023-10-26 00:05:13.787746
APP075414582,Debian,5.10.0,195,136,172.30.229.168,au_11362,2023-11-11 00:05:13.787746
APP078501421,Red Hat,5.6.0,158,101,172.26.254.147,au_86362,2023-11-11 00:05:13.787746
APP104019654,CentOS,5.6.0,209,150,10.80.70.136,eu_22256,2023-11-28 00:05:13.787746
APP125698164,CentOS,4.18.0,275,162,192.168.87.1,au_18036,2023-11-12 00:05:13.787746
APP103406080,Red Hat,3.10.0,382,72,192.168.117.155,eu_22256,2023-09-30 00:05:13.787746
APP093561598,Debian,5.10.0,186,133,10.250.122.45,au_25552,2023-11-21 00:05:13.787746
APP061484652,CentOS,5.6.0,195,136,10.236.239.66,au_11362,2023-11-17 00:05:13.787746
SYS074823666,SUSE,4.19.0,300,117,172.29.179.20,us_15438,2023-10-19 00:05:13.787746
WEB112994680,CentOS,3.10.0,421,143,192.168.126.227,eu_22256,2023-10-17 00:05:13.787746
APP014436990,Ubuntu,5.10.0,188,118,172.23.29.244,us_68077,2023-11-13 00:05:13.787746
APP115777383,Ubuntu,5.4.0,209,146,192.168.2.153,us_34800,2023-11-15 00:05:13.787746
APP082148951,Debian,4.19.0,354,130,172.17.72.41,au_77600,2023-10-17 00:05:13.787746
APP023433201,Red Hat,5.6.0,207,142,172.17.19.107,eu_22256,2023-11-17 00:05:13.787746
APP013791762,Debian,4.19.0,296,130,172.31.86.44,us_34800,2023-10-31 00:05:13.787746
APP119367634,Debian,5.15.0,184,147,192.168.231.166,au_86362,2023-12-01 00:05:13.787746
WEB030163289,Debian,5.10.0,196,111,172.16.101.196,au_11362,2023-10-30 00:05:13.787746
WEB080831723,Debian,4.19.0,282,135,192.168.111.158,us_57346,2023-11-08 00:05:13.787746
APP088895790,SUSE,5.10.0,205,141,10.122.102.98,au_16507,2023-11-24 00:05:13.787746
WEB128687279,SUSE,4.12.0,302,172,192.168.8.39,au_18036,2023-11-09 00:05:13.787746
SYS084348733,CentOS,3.10.0,356,113,172.21.45.125,us_52113,2023-10-10 00:05:13.787746
APP057143457,Ubuntu,5.4.0,199,149,192.168.12.127,au_86362,2023-12-02 00:05:13.787746
SYS068122360,Debian,4.19.0,321,186,172.20.111.155,au_25552,2023-11-14 00:05:13.787746
SYS122316656,CentOS,5.6.0,192,155,192.168.189.167,eu_69372,2023-12-09 00:05:13.787746
APP097603669,Ubuntu,5.10.0,186,119,192.168.0.178,eu_10858,2023-11-11 00:05:13.787746
WEB100967056,Red Hat,5.6.0,172,122,192.168.170.114,au_75432,2023-11-27 00:05:13.787746
SYS056688939,SUSE,5.10.0,162,129,192.168.218.15,eu_10858,2023-12-01 00:05:13.787746
APP083467068,Ubuntu,5.4.0,216,183,172.22.160.241,us_68077,2023-12-05 00:05:13.787746
SYS066272982,Red Hat,3.10.0,396,166,192.168.171.224,au_11362,2023-10-18 00:05:13.787746
SYS016990162,Ubuntu,5.4.0,215,141,192.168.186.92,eu_11838,2023-11-18 00:05:13.787746
SYS037204659,SUSE,4.12.0,330,135,10.187.46.185,eu_56544,2023-11-01 00:05:13.787746
SYS047556465,SUSE,4.12.0,318,159,172.27.178.194,au_77600,2023-11-02 00:05:13.787746
WEB051708050,CentOS,3.10.0,389,143,172.18.36.233,au_77600,2023-10-12 00:05:13.787746
SYS041003309,Debian,5.10.0,202,141,192.168.104.208,au_25552,2023-11-18 00:05:13.787746
SYS102327199,Ubuntu,4.15.0,287,140,10.122.46.16,eu_77467,2023-10-23 00:05:13.787746
SYS047452996,Ubuntu,5.4.0,185,148,192.168.244.253,us_52113,2023-11-23 00:05:13.787746
WEB121241900,Red Hat,5.6.0,206,135,192.168.107.106,au_40513,2023-11-26 00:05:13.787746
SYS059663197,SUSE,5.10.0,183,148,192.168.164.19,eu_77467,2023-11-27 00:05:13.787746
SYS123149194,Ubuntu,4.15.0,255,119,172.29.136.162,us_68077,2023-11-04 00:05:13.787746
WEB015865188,SUSE,4.19.0,282,126,172.27.238.23,au_15315,2023-10-28 00:05:13.787746
WEB115067161,Ubuntu,5.10.0,193,133,172.19.237.60,us_10113,2023-11-24 00:05:13.787746
WEB067262849,CentOS,4.18.0,330,191,172.25.90.58,au_16507,2023-11-13 00:05:13.787746
SYS108776948,Debian,5.10.0,190,112,172.18.25.159,us_68077,2023-11-02 00:05:13.787746
WEB063147379,Ubuntu,4.15.0,310,127,10.234.110.122,eu_69372,2023-10-31 00:05:13.787746
WEB109650759,SUSE,5.10.0,196,164,10.91.141.57,us_68077,2023-11-25 00:05:13.787746
SYS037354541,CentOS,3.10.0,424,84,172.18.118.90,us_10113,2023-10-16 00:05:13.787746
WEB104808315,Ubuntu,4.15.0,323,167,10.57.91.73,au_89783,2023-11-12 00:05:13.787746
SYS046783776,Red Hat,5.6.0,223,160,192.168.77.14,au_11362,2023-11-15 00:05:13.787746
APP080143631,Debian,5.15.0,165,115,10.11.158.15,au_15315,2023-11-18 00:05:13.787746
WEB059578855,Ubuntu,5.4.0,204,150,172.20.57.145,eu_51465,2023-11-19 00:05:13.787746
APP078557446,CentOS,5.6.0,215,133,172.30.52.25,au_25552,2023-11-19 00:05:13.787746
SYS053135184,Red Hat,4.18.0,307,159,192.168.149.65,eu_77467,2023-11-03 00:05:13.787746
WEB122337499,CentOS,4.18.0,312,143,10.118.243.180,eu_23263,2023-10-25 00:05:13.787746
SYS099413433,CentOS,4.18.0,301,165,192.168.210.201,au_18036,2023-11-04 00:05:13.787746
APP062408242,Red Hat,5.6.0,185,109,192.168.167.17,eu_23263,2023-11-11 00:05:13.787746
SYS010842711,CentOS,3.10.0,366,117,172.30.63.138,eu_77467,2023-10-08 00:05:13.787746
WEB019477750,Red Hat,4.18.0,287,117,172.20.56.248,au_15315,2023-10-22 00:05:13.787746
WEB030471162,Ubuntu,4.15.0,353,151,172.24.81.251,us_52113,2023-10-19 00:05:13.787746
APP081902295,Red Hat,3.10.0,390,85,10.147.135.233,au_15315,2023-10-04 00:05:13.787746
SYS051318699,Red Hat,5.6.0,160,96,10.145.154.133,au_86362,2023-11-07 00:05:13.787746
WEB109386777,Debian,4.19.0,314,188,172.21.37.48,eu_69372,2023-11-20 00:05:13.787746
APP059649904,Red Hat,3.10.0,417,100,192.168.93.83,us_10113,2023-10-13 00:05:13.787746
WEB101334125,Red Hat,5.6.0,225,186,10.78.149.143,au_77600,2023-11-25 00:05:13.787746
WEB042812065,Ubuntu,5.4.0,209,175,10.21.17.205,eu_69372,2023-12-08 00:05:13.787746
SYS089740349,Debian,4.19.0,316,164,172.30.27.194,au_77600,2023-11-12 00:05:13.787746
WEB124713493,SUSE,5.10.0,236,139,172.22.144.161,us_68077,2023-11-14 00:05:13.787746
SYS113618321,Ubuntu,4.15.0,285,131,192.168.162.70,au_16507,2023-11-04 00:05:13.787746
WEB052102493,Ubuntu,4.15.0,281,165,172.30.89.135,eu_51465,2023-11-02 00:05:13.787746
APP129471743,SUSE,4.19.0,278,127,192.168.154.102,au_11362,2023-10-22 00:05:13.787746
WEB126488771,Red Hat,3.10.0,394,70,10.207.34.203,us_19904,2023-10-04 00:05:13.787746
SYS029065945,CentOS,5.6.0,228,164,172.30.168.69,us_68077,2023-12-01 00:05:13.787746
SYS011399043,Debian,4.19.0,310,186,172.26.153.217,au_75432,2023-11-07 00:05:13.787746
APP100278745,CentOS,4.18.0,309,182,192.168.242.164,eu_11838,2023-11-08 00:05:13.787746
WEB039671756,SUSE,4.19.0,263,105,172.20.180.232,eu_51465,2023-10-15 00:05:13.787746
WEB075512565,Ubuntu,5.10.0,186,139,192.168.226.91,eu_23263,2023-11-24 00:05:13.787746
APP127468075,Ubuntu,5.4.0,163,101,172.31.83.208,au_77600,2023-11-17 00:05:13.787746
WEB025451689,Debian,4.19.0,323,135,10.59.215.47,eu_69372,2023-10-26 00:05:13.787746
WEB018760387,Ubuntu,5.4.0,231,187,172.23.13.58,us_10113,2023-11-21 00:05:13.787746
SYS069770342,Ubuntu,5.10.0,215,133,172.26.113.152,au_40513,2023-11-09 00:05:13.787746
WEB092477104,Debian,5.10.0,180,113,10.99.234.170,eu_69372,2023-11-11 00:05:13.787746
WEB119324800,Debian,5.10.0,229,125,192.168.142.76,us_57346,2023-11-12 00:05:13.787746
APP096131718,SUSE,4.19.0,294,179,10.228.19.20,eu_23263,2023-11-07 00:05:13.787746
APP112748467,Ubuntu,5.10.0,175,138,192.168.44.188,au_77600,2023-11-23 00:05:13.787746
SYS087378263,Ubuntu,5.4.0,180,133,192.168.251.30,au_40513,2023-11-28 00:05:13.787746
WEB049821460,SUSE,4.19.0,291,168,172.17.203.36,us_68077,2023-11-10 00:05:13.787746
WEB068404499,Red Hat,3.10.0,400,80,192.168.75.191,eu_77467,2023-10-11 00:05:13.787746
WEB107278751,Red Hat,5.6.0,196,135,192.168.189.64,eu_56544,2023-11-24 00:05:13.787746
SYS068867531,Red Hat,4.18.0,271,124,172.25.27.219,au_86362,2023-11-08 00:05:13.787746
SYS123963600,SUSE,5.10.0,224,129,172.30.66.40,us_15438,2023-11-14 00:05:13.787746
APP067662708,Ubuntu,5.4.0,196,137,192.168.227.112,au_40513,2023-11-19 00:05:13.787746
SYS038951710,SUSE,4.19.0,285,179,192.168.226.143,au_18036,2023-11-24 00:05:13.787746
WEB097026217,SUSE,4.19.0,322,115,172.29.144.8,eu_56544,2023-10-25 00:05:13.787746
WEB084596158,Red Hat,3.10.0,376,90,192.168.71.117,au_16507,2023-10-02 00:05:13.787746
SYS118657808,CentOS,3.10.0,367,77,192.168.73.139,eu_56544,2023-10-06 00:05:13.787746
WEB101343161,Ubuntu,4.15.0,325,136,10.171.187.190,au_75432,2023-10-24 00:05:13.787746
WEB021724006,Red Hat,5.6.0,237,194,10.192.101.61,au_18036,2023-12-03 00:05:13.787746
SYS060455624,CentOS,5.6.0,190,131,10.139.241.194,us_19904,2023-11-16 00:05:13.787746
SYS048692221,CentOS,3.10.0,399,115,172.30.201.175,eu_22256,2023-10-21 00:05:13.787746
WEB029693799,Debian,5.15.0,177,138,192.168.70.27,eu_23263,2023-11-21 00:05:13.787746
WEB033747408,Ubuntu,5.4.0,200,120,10.195.119.75,au_18036,2023-11-19 00:05:13.787746
WEB084821755,CentOS,4.18.0,290,145,172.17.89.248,au_25552,2023-10-30 00:05:13.787746
APP104647437,Red Hat,4.18.0,297,142,172.25.185.170,us_52113,2023-11-04 00:05:13.787746
APP077136952,Debian,4.19.0,308,163,172.30.212.152,eu_77467,2023-10-31 00:05:13.787746
APP104406403,Ubuntu,5.10.0,178,151,10.1.64.176,us_57346,2023-12-03 00:05:13.787746
SYS100974395,SUSE,4.12.0,292,169,10.241.240.234,au_18036,2023-11-11 00:05:13.787746
APP063394216,Red Hat,5.6.0,163,109,10.147.75.250,au_89783,2023-11-24 00:05:13.787746
SYS110470957,CentOS,4.18.0,292,175,172.23.212.254,eu_69372,2023-11-09 00:05:13.787746
SYS122145623,CentOS,3.10.0,398,79,10.141.239.100,au_86362,2023-09-27 00:05:13.787746
APP042858841,Red Hat,5.6.0,204,114,172.18.34.156,au_25552,2023-11-01 00:05:13.787746
APP034745179,CentOS,5.6.0,204,124,192.168.246.2,eu_69372,2023-11-21 00:05:13.787746
APP022368513,Debian,5.10.0,218,141,192.168.132.12,eu_56544,2023-11-18 00:05:13.787746
WEB070481756,Ubuntu,4.15.0,269,134,192.168.61.58,au_77600,2023-10-25 00:05:13.787746
APP114965138,Debian,4.19.0,270,143,172.16.143.186,au_18036,2023-11-05 00:05:13.787746
WEB080985938,CentOS,3.10.0,410,172,172.17.223.81,eu_10858,2023-10-23 00:05:13.787746
SYS111746127,SUSE,4.19.0,259,129,10.69.95.234,eu_51465,2023-10-25 00:05:13.787746
WEB010471137,Ubuntu,4.15.0,303,151,172.24.185.183,eu_51465,2023-10-26 00:05:13.787746
APP092675867,Ubuntu,5.4.0,176,100,172.27.100.57,us_52113,2023-11-09 00:05:13.787746
SYS102617964,Red Hat,4.18.0,331,119,10.39.85.211,eu_11838,2023-10-22 00:05:13.787746
SYS050537730,Red Hat,4.18.0,305,158,192.168.93.210,us_15438,2023-11-07 00:05:13.787746
SYS061585069,SUSE,5.10.0,195,132,10.85.146.214,eu_77467,2023-11-14 00:05:13.787746
WEB053171397,Ubuntu,4.15.0,324,194,192.168.161.230,eu_23263,2023-11-16 00:05:13.787746
APP010532937,SUSE,4.12.0,278,111,192.168.138.252,eu_22256,2023-10-29 00:05:13.787746
SYS028393359,Red Hat,4.18.0,282,101,192.168.185.156,us_15438,2023-10-24 00:05:13.787746
SYS039042288,Red Hat,4.18.0,274,131,10.180.8.195,eu_22256,2023-11-07 00:05:13.787746
SYS052102053,Ubuntu,4.15.0,282,118,10.144.21.253,au_15315,2023-10-22 00:05:13.787746
WEB049502404,Debian,5.10.0,201,112,172.29.47.15,au_11362,2023-11-05 00:05:13.787746
WEB036811771,CentOS,3.10.0,409,151,172.21.55.136,au_40513,2023-10-22 00:05:13.787746
APP068917834,Red Hat,5.6.0,219,127,10.113.53.201,us_68077,2023-11-12 00:05:13.787746
WEB100847008,Red Hat,4.18.0,263,139,10.58.89.217,us_10113,2023-10-28 00:05:13.787746
SYS086617718,Debian,4.19.0,296,127,172.18.113.223,au_15315,2023-11-06 00:05:13.787746
APP025921245,Debian,5.10.0,177,106,10.8.229.243,au_25552,2023-11-06 00:05:13.787746
SYS109856980,SUSE,4.12.0,295,135,172.27.154.41,us_57346,2023-10-22 00:05:13.787746
SYS057896115,SUSE,4.12.0,346,204,10.175.32.138,au_18036,2023-11-12 00:05:13.787746
WEB118367363,CentOS,4.18.0,305,143,10.14.185.145,eu_51465,2023-10-30 00:05:13.787746
APP067661563,CentOS,5.6.0,217,169,192.168.113.216,au_18036,2023-11-19 00:05:13.787746
WEB064527118,Ubuntu,4.15.0,339,132,10.72.227.82,us_19904,2023-10-29 00:05:13.787746
WEB021615283,SUSE,4.12.0,322,186,192.168.64.45,au_89783,2023-11-09 00:05:13.787746
APP019885164,Red Hat,3.10.0,391,86,10.40.62.232,eu_22256,2023-10-09 00:05:13.787746
SYS066049458,SUSE,5.10.0,174,130,172.19.147.58,eu_10858,2023-11-30 00:05:13.787746
SYS029832738,Red Hat,5.6.0,199,143,10.247.240.65,us_10113,2023-11-16 00:05:13.787746
APP025851496,Debian,5.10.0,188,156,172.19.115.61,eu_56544,2023-11-24 00:05:13.787746
SYS046899806,SUSE,5.10.0,169,113,10.30.88.3,eu_22256,2023-11-12 00:05:13.787746
APP104024458,Debian,5.10.0,204,116,172.24.24.173,au_89783,2023-11-15 00:05:13.787746
APP060229614,CentOS,4.18.0,305,109,10.5.66.108,au_25552,2023-10-29 00:05:13.787746
WEB030183667,CentOS,5.6.0,235,187,10.105.42.88,au_11362,2023-11-27 00:05:13.787746
APP085254596,Ubuntu,5.4.0,192,136,192.168.94.155,au_15315,2023-11-30 00:05:13.787746
WEB101022903,SUSE,5.10.0,205,159,192.168.46.122,us_15438,2023-11-24 00:05:13.787746
SYS111476798,Debian,5.10.0,186,115,10.142.4.46,au_16507,2023-11-13 00:05:13.787746
SYS086438159,Red Hat,5.6.0,217,141,192.168.82.52,eu_22256,2023-11-13 00:05:13.787746
SYS071497846,CentOS,5.6.0,197,110,192.168.123.208,au_16507,2023-11-06 00:05:13.787746
SYS013690038,CentOS,4.18.0,276,176,192.168.50.189,us_52113,2023-11-16 00:05:13.787746
WEB053244512,Red Hat,3.10.0,399,139,192.168.111.26,au_11362,2023-10-26 00:05:13.787746
SYS017622688,Debian,5.10.0,207,171,192.168.144.79,eu_77467,2023-12-06 00:05:13.787746
APP123885160,Debian,5.15.0,205,129,10.2.55.102,eu_22256,2023-11-14 00:05:13.787746
APP120607150,SUSE,4.12.0,320,169,192.168.109.147,au_77600,2023-11-02 00:05:13.787746
APP106966417,SUSE,4.19.0,271,149,192.168.243.13,au_89783,2023-11-01 00:05:13.787746
WEB070529757,Ubuntu,5.4.0,183,118,172.21.236.140,eu_69372,2023-11-10 00:05:13.787746
SYS026136961,CentOS,4.18.0,312,187,172.19.111.51,eu_69372,2023-11-02 00:05:13.787746
SYS091645351,SUSE,4.12.0,285,179,10.194.92.231,eu_56544,2023-11-18 00:05:13.787746
SYS031818834,Debian,5.15.0,204,167,172.23.72.31,au_77600,2023-12-10 00:05:13.787746
WEB065231241,Red Hat,4.18.0,251,143,172.26.14.149,au_86362,2023-11-12 00:05:13.787746
APP042921273,Debian,5.10.0,254,160,10.69.150.78,us_10113,2023-11-09 00:05:13.787746
APP089979958,CentOS,4.18.0,294,126,172.25.57.132,au_25552,2023-10-28 00:05:13.787746
SYS115271779,Debian,5.10.0,223,187,192.168.42.28,eu_10858,2023-11-27 00:05:13.787746
APP114490580,Ubuntu,5.4.0,193,106,172.28.80.32,au_40513,2023-11-06 00:05:13.787746
APP024770057,CentOS,5.6.0,208,158,172.25.251.245,us_52113,2023-11-17 00:05:13.787746
WEB051199863,Red Hat,5.6.0,229,174,192.168.227.78,au_18036,2023-11-17 00:05:13.787746
WEB089807936,Ubuntu,5.4.0,223,165,10.148.200.31,eu_10858,2023-12-03 00:05:13.787746
WEB069782071,CentOS,3.10.0,395,177,172.18.58.60,au_25552,2023-10-30 00:05:13.787746
WEB025182039,Red Hat,5.6.0,197,126,172.27.194.20,au_18036,2023-11-13 00:05:13.787746
SYS127788920,Ubuntu,4.15.0,320,144,10.251.185.85,au_89783,2023-11-03 00:05:13.787746
WEB065466595,Ubuntu,5.10.0,246,140,192.168.224.73,us_19904,2023-11-11 00:05:13.787746
APP015151863,CentOS,4.18.0,303,145,192.168.43.133,au_40513,2023-10-28 00:05:13.787746
SYS054925199,SUSE,5.10.0,239,150,10.205.30.160,eu_11838,2023-11-19 00:05:13.787746
APP112546290,Ubuntu,5.4.0,195,126,192.168.52.20,eu_22256,2023-11-14 00:05:13.787746
APP121486529,Ubuntu,5.10.0,219,175,192.168.86.98,au_86362,2023-11-25 00:05:13.787746
APP118168504,Red Hat,4.18.0,322,202,10.101.238.166,eu_51465,2023-11-22 00:05:13.787746
WEB064235730,Debian,5.10.0,191,116,172.28.239.239,eu_11838,2023-11-12 00:05:13.787746
WEB042214184,CentOS,4.18.0,285,131,10.217.114.212,eu_10858,2023-11-04 00:05:13.787746
SYS098059296,CentOS,4.18.0,322,202,192.168.139.195,us_19904,2023-11-09 00:05:13.787746
SYS072229275,SUSE,4.12.0,289,106,192.168.182.82,eu_22256,2023-10-28 00:05:13.787746
WEB016537949,SUSE,4.19.0,282,107,172.28.241.51,au_11362,2023-10-15 00:05:13.787746
APP127383477,CentOS,3.10.0,386,77,172.20.183.73,au_75432,2023-10-08 00:05:13.787746
SYS045977460,SUSE,4.12.0,289,153,172.24.5.166,us_15438,2023-11-11 00:05:13.787746
WEB098623923,Red Hat,4.18.0,317,126,172.20.78.182,au_40513,2023-10-26 00:05:13.787746
WEB050758182,CentOS,3.10.0,410,180,10.27.15.120,eu_56544,2023-10-30 00:05:13.787746
WEB024124784,SUSE,5.10.0,214,145,10.13.178.7,au_16507,2023-11-20 00:05:13.787746
APP036137507,CentOS,4.18.0,308,154,10.167.102.195,eu_22256,2023-11-01 00:05:13.787746
WEB070685361,Debian,4.19.0,288,120,10.49.82.164,eu_77467,2023-10-26 00:05:13.787746
WEB025305159,Ubuntu,5.4.0,213,146,10.252.0.0,au_11362,2023-11-26 00:05:13.787746
WEB032047277,CentOS,4.18.0,323,177,172.31.238.201,us_15438,2023-11-16 00:05:13.787746
WEB089010435,Ubuntu,5.4.0,211,164,172.26.254.230,eu_56544,2023-11-23 00:05:13.787746
SYS038986141,SUSE,4.12.0,308,178,192.168.16.45,us_68077,2023-11-08 00:05:13.787746
SYS044103691,Ubuntu,5.10.0,184,132,172.19.207.242,eu_69372,2023-11-25 00:05:13.787746
WEB081179808,CentOS,5.6.0,204,167,172.28.10.242,us_34800,2023-11-25 00:05:13.787746
APP118932468,Debian,4.19.0,283,169,172.17.13.47,au_16507,2023-11-13 00:05:13.787746
SYS019539627,SUSE,4.19.0,299,173,10.155.40.168,au_40513,2023-11-04 00:05:13.787746
WEB111851889,CentOS,3.10.0,367,62,192.168.220.130,us_15438,2023-10-08 00:05:13.787746
SYS098806708,SUSE,4.12.0,267,93,10.199.53.142,us_10113,2023-10-28 00:05:13.787746
SYS116540519,Red Hat,3.10.0,396,83,172.31.178.157,eu_51465,2023-09-29 00:05:13.787746
APP063195208,Ubuntu,5.4.0,189,141,192.168.240.140,eu_51465,2023-11-27 00:05:13.787746
WEB068527729,Red Hat,3.10.0,402,108,172.21.0.127,us_15438,2023-10-07 00:05:13.787746
WEB031704304,CentOS,4.18.0,297,139,192.168.134.219,eu_69372,2023-11-04 00:05:13.787746
APP040548687,Debian,4.19.0,300,186,172.28.22.235,au_16507,2023-11-10 00:05:13.787746
APP084034500,SUSE,5.10.0,212,173,192.168.145.161,eu_56544,2023-11-23 00:05:13.787746
WEB115415661,Ubuntu,4.15.0,290,179,172.17.113.156,us_34800,2023-11-22 00:05:13.787746
WEB127652771,SUSE,4.12.0,295,129,10.178.159.250,au_11362,2023-10-21 00:05:13.787746
APP068416160,CentOS,5.6.0,229,174,192.168.174.185,eu_10858,2023-11-24 00:05:13.787746
SYS102845118,SUSE,4.19.0,300,129,172.27.11.105,eu_56544,2023-10-25 00:05:13.787746
SYS064479622,Ubuntu,5.4.0,196,119,172.17.206.110,us_57346,2023-11-12 00:05:13.787746
APP127570594,CentOS,3.10.0,401,84,192.168.120.32,au_18036,2023-09-30 00:05:13.787746
SYS074016583,SUSE,5.10.0,196,127,192.168.43.125,us_68077,2023-11-25 00:05:13.787746
APP122029707,Debian,5.10.0,185,125,192.168.156.29,eu_11838,2023-11-23 00:05:13.787746
SYS031355698,CentOS,3.10.0,380,152,10.10.23.176,au_77600,2023-10-17 00:05:13.787746
SYS019275570,CentOS,5.6.0,184,108,192.168.235.252,au_75432,2023-11-05 00:05:13.787746
WEB029285657,Debian,5.10.0,217,167,192.168.215.163,us_34800,2023-12-06 00:05:13.787746
WEB114310275,Red Hat,4.18.0,287,146,172.31.7.200,us_52113,2023-11-03 00:05:13.787746
SYS096814475,Ubuntu,5.10.0,196,125,192.168.162.14,us_10113,2023-11-14 00:05:13.787746
SYS049473122,Red Hat,5.6.0,214,149,172.26.81.70,eu_23263,2023-11-22 00:05:13.787746
WEB027271553,SUSE,5.10.0,194,124,192.168.250.10,us_68077,2023-11-19 00:05:13.787746
WEB121884422,Debian,5.15.0,212,154,10.105.108.208,au_89783,2023-11-19 00:05:13.787746
WEB122583133,Red Hat,3.10.0,369,103,172.26.221.129,eu_51465,2023-10-19 00:05:13.787746
APP033705893,CentOS,5.6.0,197,118,10.186.6.244,au_11362,2023-11-05 00:05:13.787746
SYS067829114,SUSE,4.19.0,301,114,172.18.105.7,eu_23263,2023-10-17 00:05:13.787746
WEB056786695,SUSE,4.19.0,300,153,192.168.135.194,au_11362,2023-11-05 00:05:13.787746
SYS022517788,Red Hat,3.10.0,366,153,10.205.214.135,eu_51465,2023-10-30 00:05:13.787746
APP062892269,Red Hat,4.18.0,324,145,10.47.21.24,eu_77467,2023-11-02 00:05:13.787746
APP090182420,Debian,5.10.0,182,140,192.168.48.128,au_15315,2023-11-27 00:05:13.787746
WEB035358413,Ubuntu,5.10.0,206,154,192.168.34.113,eu_51465,2023-11-20 00:05:13.787746
APP053842493,Red Hat,4.18.0,300,189,192.168.243.86,eu_77467,2023-11-17 00:05:13.787746
SYS091829928,Red Hat,3.10.0,420,168,172.18.116.3,us_19904,2023-10-22 00:05:13.787746
WEB039959009,CentOS,5.6.0,243,174,192.168.153.141,au_11362,2023-11-24 00:05:13.787746
SYS020943969,SUSE,5.10.0,174,130,172.26.6.252,au_89783,2023-11-29 00:05:13.787746
SYS100784475,Ubuntu,4.15.0,287,177,10.128.165.199,au_40513,2023-11-23 00:05:13.787746
APP046471020,CentOS,5.6.0,203,136,192.168.92.119,eu_77467,2023-11-28 00:05:13.787746
APP086773597,Debian,5.15.0,177,115,10.95.130.8,au_18036,2023-11-21 00:05:13.787746
APP035556257,Debian,4.19.0,315,110,192.168.239.65,us_52113,2023-10-22 00:05:13.787746
APP098153710,Red Hat,5.6.0,216,172,172.29.225.18,us_52113,2023-11-22 00:05:13.787746
APP057321046,Red Hat,3.10.0,411,160,192.168.30.168,us_15438,2023-10-18 00:05:13.787746
WEB079632593,Debian,4.19.0,304,115,192.168.236.203,us_19904,2023-10-27 00:05:13.787746
SYS125327875,Red Hat,4.18.0,327,170,10.153.189.187,us_52113,2023-11-09 00:05:13.787746
SYS084701684,Ubuntu,5.4.0,176,121,172.18.15.202,au_15315,2023-11-25 00:05:13.787746
SYS083395004,Red Hat,5.6.0,201,118,192.168.211.43,au_15315,2023-11-14 00:05:13.787746
SYS057974804,SUSE,5.10.0,185,155,172.21.35.129,eu_10858,2023-12-03 00:05:13.787746
APP026245658,Red Hat,3.10.0,417,87,172.23.142.96,au_15315,2023-10-09 00:05:13.787746
SYS016098352,CentOS,5.6.0,163,92,172.20.204.125,us_52113,2023-11-14 00:05:13.787746
WEB094168783,Ubuntu,4.15.0,299,158,10.158.255.44,us_10113,2023-11-12 00:05:13.787746
WEB059912165,CentOS,3.10.0,406,150,172.29.244.205,au_18036,2023-10-31 00:05:13.787746
SYS065852390,CentOS,5.6.0,181,101,172.17.47.34,au_16507,2023-11-15 00:05:13.787746
SYS096800023,SUSE,4.12.0,287,157,10.69.218.60,au_15315,2023-11-03 00:05:13.787746
WEB125787295,Ubuntu,5.4.0,200,142,10.142.56.33,eu_51465,2023-11-27 00:05:13.787746
WEB092595264,Ubuntu,5.10.0,219,127,192.168.21.159,au_15315,2023-11-10 00:05:13.787746
APP104958883,Ubuntu,5.4.0,179,107,192.168.10.49,eu_69372,2023-11-09 00:05:13.787746
WEB089470554,Ubuntu,5.10.0,182,131,10.42.248.208,us_68077,2023-11-15 00:05:13.787746
APP111694091,Ubuntu,4.15.0,322,141,172.18.8.220,au_86362,2023-10-20 00:05:13.787746
APP084993094,SUSE,5.10.0,194,161,172.18.227.202,au_40513,2023-11-27 00:05:13.787746
APP082896232,Red Hat,4.18.0,284,170,172.20.127.120,au_16507,2023-11-21 00:05:13.787746
APP019130754,CentOS,3.10.0,414,186,10.61.196.222,eu_77467,2023-10-27 00:05:13.787746
APP072636897,Ubuntu,5.10.0,190,119,192.168.128.236,au_89783,2023-11-08 00:05:13.787746
SYS080283850,Red Hat,5.6.0,220,184,172.23.158.83,eu_69372,2023-12-12 00:05:13.787746
WEB117865277,Red Hat,5.6.0,186,126,192.168.160.119,us_34800,2023-11-17 00:05:13.787746
APP095854973,CentOS,4.18.0,296,133,172.28.122.121,au_86362,2023-10-22 00:05:13.787746
WEB043484340,SUSE,4.19.0,318,117,192.168.216.130,au_15315,2023-10-22 00:05:13.787746
WEB053757588,Debian,5.15.0,195,111,10.89.173.209,us_57346,2023-11-19 00:05:13.787746
APP124419865,Debian,4.19.0,315,176,10.225.2.235,us_19904,2023-11-18 00:05:13.787746
SYS075240413,Red Hat,3.10.0,398,115,172.17.202.36,au_25552,2023-10-16 00:05:13.787746
APP067473382,CentOS,4.18.0,339,142,172.19.157.97,au_86362,2023-11-02 00:05:13.787746
SYS058421990,Debian,4.19.0,331,175,172.31.50.1,us_52113,2023-11-02 00:05:13.787746
WEB043083301,Red Hat,4.18.0,273,117,192.168.142.51,us_15438,2023-10-23 00:05:13.787746
SYS026571209,SUSE,5.10.0,210,151,10.188.72.82,eu_56544,2023-11-29 00:05:13.787746
SYS092677344,Debian,5.10.0,183,120,172.17.29.40,au_18036,2023-11-09 00:05:13.787746
SYS064019383,Red Hat,4.18.0,303,181,192.168.27.254,au_25552,2023-11-12 00:05:13.787746
WEB120262061,Red Hat,5.6.0,201,160,192.168.122.182,eu_10858,2023-12-06 00:05:13.787746
WEB082400495,Ubuntu,4.15.0,278,136,172.25.229.135,us_19904,2023-10-27 00:05:13.787746
SYS101547886,SUSE,4.19.0,321,147,192.168.185.200,au_16507,2023-10-24 00:05:13.787746
SYS082874319,Ubuntu,5.4.0,204,134,192.168.121.7,us_15438,2023-11-14 00:05:13.787746
APP062742050,CentOS,5.6.0,194,153,172.28.147.65,au_86362,2023-11-21 00:05:13.787746
SYS059329664,Ubuntu,4.15.0,291,130,172.23.136.228,au_89783,2023-10-24 00:05:13.787746
APP095161226,Ubuntu,5.4.0,202,123,172.21.32.148,eu_23263,2023-11-05 00:05:13.787746
SYS085304637,Debian,5.15.0,208,120,172.29.0.81,us_19904,2023-11-11 00:05:13.787746
APP084549901,Red Hat,4.18.0,297,145,10.41.2.39,au_25552,2023-10-27 00:05:13.787746
WEB055301741,SUSE,5.10.0,143,98,172.29.54.250,au_40513,2023-11-09 00:05:13.787746
SYS036841453,Ubuntu,4.15.0,300,180,172.19.54.112,eu_77467,2023-11-07 00:05:13.787746
SYS103327279,SUSE,4.12.0,271,113,10.33.250.226,au_75432,2023-11-03 00:05:13.787746
SYS129568782,Ubuntu,4.15.0,295,135,172.26.116.226,au_75432,2023-10-29 00:05:13.787746
SYS113391871,CentOS,3.10.0,371,144,172.17.170.203,us_15438,2023-10-22 00:05:13.787746
APP095191089,Ubuntu,5.4.0,171,136,192.168.227.5,eu_51465,2023-12-06 00:05:13.787746
SYS093982258,Debian,5.10.0,224,150,192.168.205.35,eu_23263,2023-11-09 00:05:13.787746
WEB097139719,Red Hat,3.10.0,393,113,10.160.160.36,au_11362,2023-10-21 00:05:13.787746
WEB097072863,CentOS,3.10.0,392,94,192.168.80.206,us_52113,2023-10-17 00:05:13.787746
SYS089087400,Ubuntu,4.15.0,309,194,10.66.155.139,au_89783,2023-11-06 00:05:13.787746
WEB074039104,SUSE,4.19.0,292,113,192.168.163.136,eu_11838,2023-10-24 00:05:13.787746
SYS075180175,CentOS,3.10.0,442,190,172.20.69.182,au_89783,2023-11-05 00:05:13.787746
SYS014622652,CentOS,3.10.0,394,141,172.26.123.137,au_11362,2023-10-19 00:05:13.787746
WEB077661825,Ubuntu,4.15.0,307,156,172.29.67.142,au_18036,2023-11-01 00:05:13.787746
SYS115128686,CentOS,5.6.0,219,122,172.28.19.1,au_86362,2023-11-16 00:05:13.787746
WEB033004785,SUSE,4.12.0,332,162,192.168.11.194,us_10113,2023-10-23 00:05:13.787746
APP078633755,CentOS,5.6.0,185,123,192.168.117.25,au_75432,2023-11-16 00:05:13.787746
SYS034310698,SUSE,5.10.0,191,114,10.101.131.37,eu_56544,2023-11-10 00:05:13.787746
APP013311906,Ubuntu,4.15.0,325,178,172.21.102.114,au_86362,2023-11-06 00:05:13.787746
WEB089030677,Red Hat,5.6.0,216,181,10.219.153.56,eu_10858,2023-12-01 00:05:13.787746
APP048302841,CentOS,3.10.0,421,134,192.168.45.153,au_89783,2023-10-22 00:05:13.787746
APP049599530,Red Hat,4.18.0,272,152,172.19.193.85,eu_56544,2023-11-12 00:05:13.787746
WEB052836442,SUSE,4.19.0,330,122,10.222.205.32,au_25552,2023-10-22 00:05:13.787746
APP018926875,CentOS,4.18.0,284,136,172.31.208.17,eu_23263,2023-10-25 00:05:13.787746
APP015685669,Debian,5.10.0,203,117,10.104.2.171,eu_23263,2023-11-18 00:05:13.787746
WEB034628733,Red Hat,5.6.0,197,143,10.136.75.189,eu_77467,2023-11-21 00:05:13.787746
APP044270867,CentOS,3.10.0,382,164,172.28.57.242,au_11362,2023-10-21 00:05:13.787746
WEB078826342,Red Hat,3.10.0,371,129,10.105.200.65,eu_22256,2023-10-27 00:05:13.787746
APP045175181,CentOS,3.10.0,365,62,192.168.144.225,us_68077,2023-10-13 00:05:13.787746
WEB123046996,Ubuntu,5.4.0,202,133,192.168.214.47,eu_23263,2023-11-21 00:05:13.787746
WEB011398374,Red Hat,4.18.0,269,139,10.74.185.5,au_16507,2023-11-02 00:05:13.787746
APP045403316,Debian,4.19.0,277,130,10.134.10.148,us_68077,2023-11-07 00:05:13.787746
APP127393632,Debian,5.10.0,195,156,10.127.35.136,eu_23263,2023-12-01 00:05:13.787746
APP095467852,SUSE,4.12.0,247,145,172.30.169.71,au_77600,2023-11-09 00:05:13.787746
SYS054587715,CentOS,3.10.0,415,136,10.68.51.111,au_25552,2023-10-16 00:05:13.787746
SYS127535568,Red Hat,3.10.0,351,91,172.28.184.196,au_86362,2023-10-16 00:05:13.787746
SYS019320483,SUSE,4.12.0,298,128,192.168.196.89,us_68077,2023-10-29 00:05:13.787746
WEB109642356,Red Hat,3.10.0,400,72,192.168.131.48,eu_11838,2023-09-29 00:05:13.787746
APP046937852,CentOS,3.10.0,410,106,10.30.20.200,us_10113,2023-10-03 00:05:13.787746
WEB057772527,Debian,4.19.0,299,140,10.120.61.35,us_15438,2023-10-23 00:05:13.787746
SYS038728082,Ubuntu,5.4.0,240,180,172.17.116.213,us_15438,2023-11-24 00:05:13.787746
APP011006239,Debian,4.19.0,304,167,10.195.10.67,us_15438,2023-11-09 00:05:13.787746
WEB022038759,SUSE,4.12.0,321,118,172.27.222.108,au_86362,2023-10-25 00:05:13.787746
APP019977001,Ubuntu,5.4.0,185,123,10.21.14.85,au_18036,2023-11-25 00:05:13.787746
WEB098600849,SUSE,4.19.0,302,120,192.168.86.248,eu_10858,2023-11-01 00:05:13.787746
APP094086218,CentOS,4.18.0,330,132,192.168.173.168,us_19904,2023-10-21 00:05:13.787746
SYS028233985,Ubuntu,4.15.0,295,177,172.26.39.118,us_34800,2023-11-16 00:05:13.787746
SYS055461568,SUSE,5.10.0,203,113,192.168.72.153,us_52113,2023-11-13 00:05:13.787746
APP089334108,CentOS,5.6.0,219,148,172.17.105.198,eu_56544,2023-11-08 00:05:13.787746
WEB026668701,Debian,5.10.0,185,111,10.143.223.81,us_34800,2023-11-18 00:05:13.787746
SYS110217657,CentOS,5.6.0,156,126,192.168.220.52,us_34800,2023-12-07 00:05:13.787746
SYS101803397,Red Hat,4.18.0,305,158,172.24.108.68,us_34800,2023-11-12 00:05:13.787746
SYS084014892,CentOS,3.10.0,419,92,192.168.135.11,au_40513,2023-10-07 00:05:13.787746
APP110250397,CentOS,5.6.0,172,120,192.168.84.120,us_10113,2023-11-18 00:05:13.787746
APP036142932,Red Hat,3.10.0,413,152,172.31.184.133,us_10113,2023-10-24 00:05:13.787746
WEB106856213,SUSE,5.10.0,213,178,10.225.70.81,us_52113,2023-12-02 00:05:13.787746
WEB095016313,SUSE,4.12.0,254,106,10.27.240.58,eu_11838,2023-10-20 00:05:13.787746
WEB069996508,CentOS,5.6.0,181,148,10.240.196.72,us_34800,2023-11-25 00:05:13.787746
APP114773582,Red Hat,3.10.0,392,168,172.30.242.192,au_77600,2023-10-18 00:05:13.787746
APP076296194,Red Hat,3.10.0,396,166,172.31.214.79,us_68077,2023-10-20 00:05:13.787746
WEB053114260,Debian,5.15.0,185,136,10.248.108.18,au_18036,2023-11-22 00:05:13.787746
WEB122655113,SUSE,4.12.0,284,153,172.20.188.219,us_10113,2023-11-12 00:05:13.787746
APP014754122,Ubuntu,4.15.0,333,156,10.104.79.200,eu_10858,2023-11-08 00:05:13.787746
WEB022678889,SUSE,4.12.0,297,172,172.21.98.172,au_11362,2023-11-19 00:05:13.787746
SYS071015817,SUSE,5.10.0,186,132,192.168.139.171,au_86362,2023-11-18 00:05:13.787746
APP109560467,Debian,5.15.0,199,149,192.168.108.191,au_18036,2023-11-19 00:05:13.787746
WEB071839828,Ubuntu,4.15.0,310,148,192.168.2.28,us_52113,2023-10-31 00:05:13.787746
APP116224440,Debian,4.19.0,301,171,192.168.92.115,au_77600,2023-11-18 00:05:13.787746
SYS082126465,Ubuntu,5.10.0,195,156,172.23.224.133,au_40513,2023-11-29 00:05:13.787746
APP057154378,CentOS,5.6.0,186,109,172.26.132.93,au_40513,2023-11-02 00:05:13.787746
APP109371245,Ubuntu,4.15.0,286,171,10.62.117.152,au_89783,2023-11-09 00:05:13.787746
APP016596579,Debian,4.19.0,288,146,172.19.100.236,eu_69372,2023-10-28 00:05:13.787746
APP066924599,SUSE,4.12.0,306,183,172.18.152.17,au_40513,2023-11-05 00:05:13.787746
SYS123752659,Ubuntu,5.4.0,180,122,172.31.90.249,us_52113,2023-11-10 00:05:13.787746
APP057935649,Ubuntu,5.10.0,207,136,172.24.158.65,us_15438,2023-11-11 00:05:13.787746
APP075193984,Red Hat,4.18.0,328,203,192.168.168.170,eu_69372,2023-11-08 00:05:13.787746
WEB038073740,SUSE,5.10.0,206,129,10.231.252.252,au_89783,2023-11-19 00:05:13.787746
APP121672430,CentOS,5.6.0,192,153,172.20.35.100,eu_23263,2023-12-08 00:05:13.787746
WEB052661798,Debian,5.15.0,174,121,10.144.223.89,eu_11838,2023-11-20 00:05:13.787746
SYS089688689,CentOS,5.6.0,231,161,172.18.67.95,eu_56544,2023-11-28 00:05:13.787746
SYS015891136,SUSE,5.10.0,176,112,192.168.195.69,au_77600,2023-11-06 00:05:13.787746
SYS115290967,Ubuntu,5.10.0,216,155,10.91.36.59,au_89783,2023-11-26 00:05:13.787746
SYS066101435,Ubuntu,5.10.0,212,137,10.204.62.226,au_15315,2023-11-09 00:05:13.787746
WEB098899375,SUSE,4.19.0,295,106,10.106.156.43,us_52113,2023-10-23 00:05:13.787746
APP066798259,Ubuntu,4.15.0,294,126,10.206.6.225,au_18036,2023-10-31 00:05:13.787746
SYS017146119,Ubuntu,4.15.0,263,92,172.20.238.171,us_15438,2023-10-11 00:05:13.787746
APP122545731,Ubuntu,5.4.0,206,173,10.221.94.21,eu_22256,2023-12-06 00:05:13.787746
WEB097571775,Debian,5.10.0,212,178,192.168.158.197,au_86362,2023-12-05 00:05:13.787746
WEB061401059,Debian,5.10.0,178,119,192.168.183.212,us_10113,2023-11-26 00:05:13.787746
WEB111238282,Red Hat,4.18.0,296,168,192.168.188.35,eu_51465,2023-11-05 00:05:13.787746
SYS035867360,CentOS,5.6.0,200,129,192.168.228.17,eu_56544,2023-11-20 00:05:13.787746
APP112266091,SUSE,4.12.0,311,171,172.29.137.203,au_40513,2023-11-05 00:05:13.787746
APP047966039,SUSE,5.10.0,200,157,10.188.137.110,us_52113,2023-11-26 00:05:13.787746
APP044191823,SUSE,4.12.0,267,168,192.168.218.30,au_77600,2023-11-10 00:05:13.787746
WEB065371473,Red Hat,3.10.0,389,105,10.174.249.46,eu_56544,2023-10-08 00:05:13.787746
SYS095969693,Debian,5.10.0,204,159,172.20.246.84,au_16507,2023-11-27 00:05:13.787746
WEB025579244,Red Hat,5.6.0,216,136,172.18.175.226,eu_10858,2023-11-18 00:05:13.787746
WEB109125132,SUSE,4.19.0,287,186,172.18.136.171,us_15438,2023-11-09 00:05:13.787746
APP051252865,CentOS,5.6.0,243,136,172.20.22.218,us_34800,2023-11-12 00:05:13.787746
WEB079296625,Ubuntu,4.15.0,262,138,192.168.127.79,us_10113,2023-11-05 00:05:13.787746
APP088282743,Debian,5.10.0,188,141,192.168.24.111,us_19904,2023-11-27 00:05:13.787746
SYS032579059,Debian,5.10.0,198,150,192.168.23.22,au_89783,2023-11-19 00:05:13.787746
APP017236883,Red Hat,3.10.0,395,75,192.168.217.142,eu_77467,2023-10-07 00:05:13.787746
SYS117676770,Debian,4.19.0,275,173,172.24.27.177,us_52113,2023-11-16 00:05:13.787746
APP031903406,SUSE,4.12.0,308,123,172.18.157.219,eu_11838,2023-10-21 00:05:13.787746
WEB053842794,SUSE,4.19.0,307,165,192.168.236.254,au_75432,2023-11-04 00:05:13.787746
WEB127881911,Red Hat,5.6.0,200,124,10.201.49.180,us_19904,2023-11-21 00:05:13.787746
SYS058580789,SUSE,4.19.0,306,134,10.152.101.65,us_68077,2023-10-28 00:05:13.787746
SYS046134079,CentOS,5.6.0,191,135,172.30.143.88,au_15315,2023-11-16 00:05:13.787746
SYS055171337,Red Hat,4.18.0,267,128,192.168.135.183,us_57346,2023-10-22 00:05:13.787746
APP129596291,CentOS,4.18.0,285,114,172.21.253.121,au_77600,2023-10-22 00:05:13.787746
APP033309587,Ubuntu,4.15.0,303,121,10.132.197.73,eu_22256,2023-10-27 00:05:13.787746
SYS059825443,CentOS,5.6.0,203,138,192.168.9.44,au_40513,2023-11-24 00:05:13.787746
WEB104812602,Ubuntu,5.4.0,200,155,10.6.207.220,eu_22256,2023-11-20 00:05:13.787746
APP052232538,Ubuntu,5.4.0,210,172,10.235.154.124,eu_10858,2023-11-25 00:05:13.787746
APP116729466,CentOS,3.10.0,388,69,192.168.249.51,eu_77467,2023-10-10 00:05:13.787746
APP077116846,Red Hat,3.10.0,400,108,172.27.139.23,au_40513,2023-10-19 00:05:13.787746
SYS125775906,SUSE,5.10.0,211,122,192.168.202.61,eu_10858,2023-11-05 00:05:13.787746
SYS121751869,SUSE,4.19.0,298,104,172.20.82.218,au_16507,2023-10-24 00:05:13.787746
SYS046374541,Ubuntu,5.10.0,175,131,10.8.34.28,us_34800,2023-11-29 00:05:13.787746
SYS068929754,Ubuntu,5.4.0,180,131,192.168.13.186,us_15438,2023-11-30 00:05:13.787746
SYS110017019,Red Hat,5.6.0,216,129,10.74.81.166,au_89783,2023-11-16 00:05:13.787746
WEB037706322,Debian,4.19.0,327,137,192.168.97.191,au_89783,2023-10-28 00:05:13.787746
WEB114241548,CentOS,4.18.0,323,116,10.237.70.29,au_40513,2023-10-16 00:05:13.787746
SYS025206436,Ubuntu,5.10.0,204,163,10.11.43.147,au_15315,2023-12-03 00:05:13.787746
APP071103716,SUSE,4.12.0,275,176,10.78.10.73,eu_56544,2023-11-19 00:05:13.787746
SYS039387008,Red Hat,3.10.0,399,75,192.168.248.88,eu_22256,2023-10-10 00:05:13.787746
WEB125162713,CentOS,5.6.0,231,143,172.30.98.111,us_15438,2023-11-14 00:05:13.787746
WEB046111555,Red Hat,4.18.0,312,190,192.168.150.244,au_25552,2023-11-19 00:05:13.787746
APP052622180,CentOS,4.18.0,295,185,192.168.200.145,au_18036,2023-11-14 00:05:13.787746
WEB100927533,CentOS,3.10.0,412,115,10.52.144.80,eu_51465,2023-10-10 00:05:13.787746
SYS112697314,Ubuntu,5.4.0,174,99,192.168.221.19,us_15438,2023-11-18 00:05:13.787746
APP022196565,Red Hat,4.18.0,286,102,172.25.78.6,eu_11838,2023-10-30 00:05:13.787746
SYS062341383,Red Hat,4.18.0,278,144,10.248.226.57,eu_77467,2023-11-13 00:05:13.787746
SYS109940430,SUSE,4.12.0,309,145,192.168.249.206,eu_22256,2023-10-30 00:05:13.787746
APP099836405,SUSE,5.10.0,214,119,10.9.188.241,us_68077,2023-10-31 00:05:13.787746
SYS047613793,Ubuntu,5.4.0,196,141,172.18.8.71,au_77600,2023-12-02 00:05:13.787746
WEB028055260,Ubuntu,4.15.0,282,98,172.29.89.48,au_86362,2023-10-11 00:05:13.787746
SYS106582710,Debian,4.19.0,299,176,172.27.24.177,us_34800,2023-11-18 00:05:13.787746
APP019104308,SUSE,5.10.0,190,121,172.16.170.115,au_11362,2023-11-08 00:05:13.787746
APP016848667,CentOS,4.18.0,284,102,10.98.104.53,us_52113,2023-10-21 00:05:13.787746
APP126188929,Red Hat,4.18.0,306,162,172.23.109.99,au_18036,2023-11-02 00:05:13.787746
SYS051418324,Ubuntu,5.10.0,184,123,192.168.173.165,au_89783,2023-11-17 00:05:13.787746
APP095691466,Red Hat,5.6.0,168,141,192.168.239.218,eu_10858,2023-12-03 00:05:13.787746
APP123031613,Red Hat,3.10.0,373,115,10.199.222.188,us_19904,2023-10-10 00:05:13.787746
SYS089904211,Debian,4.19.0,267,114,172.27.135.54,au_18036,2023-10-22 00:05:13.787746
WEB012027589,SUSE,5.10.0,204,155,172.21.47.80,au_25552,2023-11-26 00:05:13.787746
SYS094252411,Ubuntu,5.4.0,203,127,192.168.44.33,au_15315,2023-11-22 00:05:13.787746
APP015648143,Red Hat,3.10.0,402,168,192.168.88.185,us_19904,2023-11-03 00:05:13.787746
APP129177856,Ubuntu,4.15.0,311,143,10.251.255.196,au_40513,2023-10-24 00:05:13.787746
SYS017925246,CentOS,4.18.0,323,164,10.252.201.136,us_15438,2023-11-03 00:05:13.787746
WEB029138005,Debian,4.19.0,288,106,172.17.129.109,eu_51465,2023-10-22 00:05:13.787746
APP013075624,CentOS,4.18.0,308,147,10.133.136.160,au_40513,2023-10-28 00:05:13.787746
APP030863534,Ubuntu,5.4.0,168,134,172.21.151.67,au_18036,2023-11-22 00:05:13.787746
APP075419516,Ubuntu,5.4.0,227,179,192.168.32.152,eu_22256,2023-11-26 00:05:13.787746
SYS090238060,SUSE,5.10.0,175,108,172.23.65.11,au_25552,2023-11-08 00:05:13.787746
APP027445185,Red Hat,5.6.0,185,114,10.249.4.223,us_57346,2023-11-08 00:05:13.787746
WEB080534949,Red Hat,5.6.0,188,150,172.27.94.34,au_86362,2023-12-02 00:05:13.787746
APP129375975,CentOS,4.18.0,269,169,10.136.244.156,eu_51465,2023-11-19 00:05:13.787746
APP048320603,Debian,5.10.0,200,115,10.53.82.26,us_52113,2023-11-03 00:05:13.787746
WEB048505062,Red Hat,5.6.0,204,140,192.168.224.42,us_34800,2023-11-22 00:05:13.787746
APP124138366,SUSE,4.12.0,296,133,172.19.140.190,eu_77467,2023-10-21 00:05:13.787746
SYS080241038,CentOS,4.18.0,269,164,10.52.40.12,au_75432,2023-11-21 00:05:13.787746
SYS096571912,CentOS,3.10.0,439,79,192.168.53.248,eu_10858,2023-10-14 00:05:13.787746
SYS092619904,SUSE,4.12.0,310,127,10.105.40.98,eu_23263,2023-10-17 00:05:13.787746
WEB072344561,Debian,5.10.0,252,196,172.25.89.18,us_34800,2023-11-25 00:05:13.787746
APP125574314,SUSE,4.19.0,283,104,192.168.255.45,eu_22256,2023-10-24 00:05:13.787746
SYS042912127,Debian,4.19.0,319,159,192.168.78.255,us_34800,2023-10-28 00:05:13.787746
WEB087561850,SUSE,4.12.0,315,151,192.168.70.138,au_75432,2023-10-28 00:05:13.787746
APP047474110,SUSE,5.10.0,194,126,10.224.210.210,au_75432,2023-11-15 00:05:13.787746
WEB034903526,Ubuntu,5.10.0,228,152,172.16.53.247,au_11362,2023-11-26 00:05:13.787746
SYS023568040,CentOS,4.18.0,291,148,10.242.132.0,us_57346,2023-10-28 00:05:13.787746
SYS052067884,SUSE,5.10.0,192,115,172.21.122.250,us_15438,2023-11-04 00:05:13.787746
SYS041712108,SUSE,5.10.0,130,93,10.212.124.2,au_16507,2023-11-28 00:05:13.787746
WEB013236515,Red Hat,5.6.0,208,164,172.23.218.188,au_11362,2023-11-21 00:05:13.787746
WEB109410135,CentOS,5.6.0,173,134,10.215.235.249,us_34800,2023-11-20 00:05:13.787746
SYS117215102,Red Hat,3.10.0,388,77,10.219.142.171,us_10113,2023-10-05 00:05:13.787746
WEB080296672,CentOS,4.18.0,279,108,172.30.174.26,au_77600,2023-10-20 00:05:13.787746
SYS016625327,Red Hat,5.6.0,192,120,192.168.185.58,eu_11838,2023-11-16 00:05:13.787746
SYS054720996,SUSE,4.12.0,308,141,10.5.23.255,au_89783,2023-11-03 00:05:13.787746
APP103476874,SUSE,4.12.0,300,141,192.168.35.160,au_25552,2023-10-26 00:05:13.787746
WEB011462637,Ubuntu,4.15.0,314,172,10.205.165.46,au_18036,2023-10-31 00:05:13.787746
SYS118380654,Red Hat,5.6.0,225,128,10.201.90.50,eu_56544,2023-11-06 00:05:13.787746
SYS088759852,Debian,5.15.0,192,107,10.77.73.151,us_57346,2023-11-07 00:05:13.787746
WEB074205938,Ubuntu,5.4.0,190,127,192.168.151.105,au_75432,2023-11-24 00:05:13.787746
APP014078594,Red Hat,5.6.0,219,166,172.25.189.3,eu_56544,2023-12-05 00:05:13.787746
APP042133485,Red Hat,5.6.0,220,134,192.168.176.53,us_57346,2023-11-13 00:05:13.787746
SYS120396526,Ubuntu,4.15.0,314,169,10.75.49.120,au_15315,2023-11-15 00:05:13.787746
WEB033955902,SUSE,4.19.0,280,120,192.168.105.7,au_86362,2023-10-26 00:05:13.787746
APP125992938,Red Hat,5.6.0,208,170,192.168.226.96,us_19904,2023-12-03 00:05:13.787746
WEB088427016,SUSE,5.10.0,202,165,192.168.207.27,eu_69372,2023-11-26 00:05:13.787746
WEB013930879,Ubuntu,4.15.0,321,141,10.43.38.222,us_10113,2023-11-01 00:05:13.787746
SYS015932529,SUSE,4.12.0,288,120,10.199.173.59,us_19904,2023-10-24 00:05:13.787746
APP060029212,CentOS,5.6.0,166,111,192.168.64.131,us_19904,2023-11-17 00:05:13.787746
SYS095156914,Debian,5.10.0,213,132,192.168.145.94,au_11362,2023-11-23 00:05:13.787746
APP064522676,Red Hat,4.18.0,248,136,10.159.223.140,eu_56544,2023-11-15 00:05:13.787746
APP115289538,Debian,4.19.0,285,171,192.168.81.239,eu_22256,2023-11-16 00:05:13.787746
APP119264423,SUSE,4.12.0,279,153,10.132.115.10,au_86362,2023-10-30 00:05:13.787746
APP030969027,Red Hat,5.6.0,179,143,10.155.158.76,au_77600,2023-12-06 00:05:13.787746
APP105939173,SUSE,4.12.0,285,133,192.168.56.139,us_52113,2023-10-26 00:05:13.787746
WEB035135526,CentOS,5.6.0,224,134,192.168.190.247,au_89783,2023-11-02 00:05:13.787746
SYS111570432,Ubuntu,5.4.0,216,166,172.27.87.216,eu_23263,2023-11-21 00:05:13.787746
WEB041541007,Red Hat,4.18.0,294,135,10.63.223.52,us_57346,2023-11-04 00:05:13.787746
APP077626763,CentOS,5.6.0,222,166,172.16.42.181,eu_10858,2023-11-17 00:05:13.787746
SYS068617930,CentOS,3.10.0,378,86,172.23.142.27,us_15438,2023-10-17 00:05:13.787746
APP037104050,Red Hat,4.18.0,276,102,192.168.119.185,us_68077,2023-10-22 00:05:13.787746
SYS051152622,SUSE,4.12.0,317,206,172.20.122.165,eu_77467,2023-11-08 00:05:13.787746
WEB121815996,CentOS,4.18.0,311,124,192.168.126.201,us_34800,2023-10-22 00:05:13.787746
SYS080629621,Debian,5.15.0,190,161,10.98.150.154,us_15438,2023-12-05 00:05:13.787746
SYS011533689,CentOS,5.6.0,177,148,172.20.176.144,au_15315,2023-12-07 00:05:13.787746
SYS128444315,SUSE,5.10.0,229,180,192.168.210.248,au_75432,2023-12-01 00:05:13.787746
SYS016987201,SUSE,4.19.0,265,145,10.217.138.192,eu_10858,2023-11-07 00:05:13.787746
SYS060614973,Debian,4.19.0,288,149,10.228.111.158,eu_22256,2023-11-08 00:05:13.787746
APP041032419,CentOS,3.10.0,404,165,10.206.53.187,us_52113,2023-10-16 00:05:13.787746
SYS081467743,SUSE,4.12.0,336,147,192.168.202.32,eu_10858,2023-10-19 00:05:13.787746
SYS028625658,Red Hat,4.18.0,307,150,172.29.140.172,eu_69372,2023-10-25 00:05:13.787746
WEB037047748,Ubuntu,5.4.0,209,154,172.31.170.82,us_34800,2023-11-25 00:05:13.787746
SYS044902119,Ubuntu,5.4.0,188,125,192.168.83.96,au_18036,2023-11-14 00:05:13.787746
WEB115869385,Ubuntu,5.4.0,211,143,10.248.51.10,au_18036,2023-11-10 00:05:13.787746
APP016868799,CentOS,4.18.0,302,135,192.168.60.114,eu_69372,2023-10-22 00:05:13.787746
SYS047416084,Debian,4.19.0,268,139,192.168.242.91,eu_56544,2023-11-06 00:05:13.787746
WEB108992175,SUSE,4.19.0,315,192,10.189.25.23,au_15315,2023-11-20 00:05:13.787746
WEB032332063,Red Hat,4.18.0,319,130,10.209.54.159,us_57346,2023-11-03 00:05:13.787746
APP026329451,Red Hat,3.10.0,416,178,10.148.69.55,us_34800,2023-10-25 00:05:13.787746
SYS121168685,CentOS,4.18.0,300,168,10.60.72.181,au_15315,2023-11-05 00:05:13.787746
SYS064870991,Ubuntu,4.15.0,280,168,172.27.251.147,us_10113,2023-11-05 00:05:13.787746
WEB096162295,CentOS,3.10.0,353,112,172.16.229.49,eu_69372,2023-10-21 00:05:13.787746
SYS109119148,Debian,5.15.0,203,158,10.215.240.135,au_18036,2023-12-04 00:05:13.787746
WEB095646796,Debian,5.15.0,221,121,10.156.62.115,au_25552,2023-11-09 00:05:13.787746
SYS107024620,SUSE,5.10.0,219,175,172.31.164.50,eu_23263,2023-12-02 00:05:13.787746
WEB109606538,SUSE,5.10.0,216,120,10.178.130.29,au_86362,2023-11-15 00:05:13.787746
SYS017450546,Debian,5.10.0,198,162,10.213.204.105,au_18036,2023-11-28 00:05:13.787746
APP054713246,Debian,5.15.0,221,187,172.30.121.217,us_34800,2023-12-03 00:05:13.787746
SYS127546913,Debian,4.19.0,318,139,172.31.53.16,au_11362,2023-10-23 00:05:13.787746
SYS047367858,CentOS,4.18.0,291,119,192.168.67.255,au_18036,2023-10-28 00:05:13.787746
APP018214862,Debian,5.15.0,213,166,10.235.255.211,eu_10858,2023-12-01 00:05:13.787746
SYS038902332,Red Hat,3.10.0,389,89,172.20.196.119,au_18036,2023-10-10 00:05:13.787746
APP013070535,Ubuntu,5.4.0,210,170,192.168.209.186,au_11362,2023-11-23 00:05:13.787746
SYS055786104,Debian,5.10.0,174,100,172.28.167.23,us_19904,2023-11-18 00:05:13.787746
WEB045797271,Ubuntu,5.10.0,175,103,172.30.45.216,eu_51465,2023-11-04 00:05:13.787746
WEB108552418,CentOS,4.18.0,321,205,192.168.45.83,au_15315,2023-11-18 00:05:13.787746
SYS050602937,Ubuntu,4.15.0,318,174,10.158.33.85,eu_51465,2023-10-31 00:05:13.787746
SYS043346802,CentOS,4.18.0,312,187,192.168.43.153,au_18036,2023-11-05 00:05:13.787746
SYS110722906,Red Hat,3.10.0,401,100,10.27.18.89,au_86362,2023-10-14 00:05:13.787746
WEB044944669,CentOS,4.18.0,252,138,192.168.243.160,us_34800,2023-11-03 00:05:13.787746
SYS067437483,CentOS,5.6.0,198,144,192.168.61.149,us_68077,2023-11-30 00:05:13.787746
WEB106910858,SUSE,4.12.0,309,163,192.168.92.7,us_68077,2023-10-28 00:05:13.787746
APP099944177,Debian,5.10.0,189,141,10.105.95.69,au_18036,2023-11-27 00:05:13.787746
WEB025454440,Debian,5.10.0,185,133,10.227.114.11,eu_56544,2023-11-23 00:05:13.787746
WEB042830966,Red Hat,4.18.0,328,157,10.164.15.141,eu_51465,2023-10-27 00:05:13.787746
APP115207442,Red Hat,3.10.0,398,91,172.31.186.37,us_52113,2023-10-03 00:05:13.787746
WEB076609930,Debian,4.19.0,309,179,10.92.107.139,eu_11838,2023-11-15 00:05:13.787746
SYS063875845,SUSE,4.12.0,315,132,172.26.39.255,eu_56544,2023-10-23 00:05:13.787746
SYS038241721,Debian,5.15.0,179,136,172.19.171.43,us_68077,2023-11-28 00:05:13.787746
WEB124825132,SUSE,5.10.0,203,125,10.146.25.159,us_34800,2023-11-16 00:05:13.787746
SYS063465543,Red Hat,3.10.0,426,144,10.45.227.203,us_19904,2023-10-15 00:05:13.787746
WEB104717095,Ubuntu,5.4.0,236,181,10.208.134.137,eu_77467,2023-11-29 00:05:13.787746
SYS109173812,Red Hat,5.6.0,200,124,192.168.166.140,eu_10858,2023-11-16 00:05:13.787746
SYS116846022,Red Hat,3.10.0,395,67,10.29.243.242,eu_56544,2023-09-27 00:05:13.787746
WEB033569725,CentOS,4.18.0,305,118,172.26.61.199,au_77600,2023-10-31 00:05:13.787746
SYS062175258,CentOS,5.6.0,204,148,10.165.255.223,eu_56544,2023-11-19 00:05:13.787746
WEB110074324,CentOS,4.18.0,327,196,172.19.222.244,au_86362,2023-11-16 00:05:13.787746
SYS102712966,CentOS,4.18.0,280,100,10.121.21.93,us_10113,2023-10-30 00:05:13.787746
SYS116667609,SUSE,4.19.0,294,167,172.28.82.81,au_75432,2023-11-15 00:05:13.787746
APP018350580,Debian,5.10.0,177,115,10.162.252.254,au_89783,2023-11-14 00:05:13.787746
APP040033545,Ubuntu,5.10.0,179,123,172.18.24.59,us_34800,2023-11-15 00:05:13.787746
WEB031689429,Red Hat,5.6.0,207,171,172.23.122.205,au_77600,2023-12-11 00:05:13.787746
APP020447892,SUSE,5.10.0,216,140,10.51.249.10,eu_22256,2023-11-25 00:05:13.787746
WEB095625759,Ubuntu,4.15.0,287,140,10.64.74.227,au_15315,2023-10-24 00:05:13.787746
APP042603326,SUSE,5.10.0,215,118,172.30.69.124,au_77600,2023-11-15 00:05:13.787746
SYS040982159,SUSE,4.19.0,322,119,10.104.43.128,eu_22256,2023-10-14 00:05:13.787746
WEB120648902,Red Hat,5.6.0,238,149,10.86.28.199,us_57346,2023-11-19 00:05:13.787746
WEB100100169,Debian,5.10.0,201,112,10.216.246.20,au_40513,2023-11-03 00:05:13.787746
SYS086184720,CentOS,3.10.0,387,131,192.168.0.131,au_11362,2023-10-23 00:05:13.787746
WEB040461845,Debian,5.10.0,179,121,172.25.65.136,us_68077,2023-11-11 00:05:13.787746
WEB109261892,Red Hat,4.18.0,277,141,192.168.0.71,au_15315,2023-10-30 00:05:13.787746
APP024117393,Red Hat,4.18.0,324,129,10.246.225.30,au_89783,2023-10-26 00:05:13.787746
WEB044835642,Red Hat,3.10.0,369,88,172.28.42.55,us_19904,2023-10-18 00:05:13.787746
SYS030873757,Ubuntu,5.10.0,224,168,172.22.206.225,us_52113,2023-11-20 00:05:13.787746
APP040011978,Debian,5.15.0,182,152,192.168.144.8,au_86362,2023-11-30 00:05:13.787746
APP031811433,Debian,4.19.0,286,105,10.35.206.140,us_10113,2023-10-31 00:05:13.787746
SYS084470122,SUSE,4.19.0,296,183,172.19.239.109,us_52113,2023-11-23 00:05:13.787746
SYS014556113,SUSE,5.10.0,185,133,10.143.21.40,eu_56544,2023-11-16 00:05:13.787746
APP010225574,SUSE,4.12.0,318,165,172.26.47.139,eu_69372,2023-11-09 00:05:13.787746
WEB104155217,Red Hat,5.6.0,236,165,192.168.133.209,au_15315,2023-11-18 00:05:13.787746
APP076746767,Debian,4.19.0,286,105,192.168.125.234,au_25552,2023-10-22 00:05:13.787746
SYS112120218,Red Hat,4.18.0,291,110,192.168.174.234,au_18036,2023-10-15 00:05:13.787746
APP079797292,Ubuntu,5.10.0,196,143,10.168.43.140,us_15438,2023-11-15 00:05:13.787746
SYS075902777,SUSE,4.12.0,310,139,10.68.119.179,us_34800,2023-10-19 00:05:13.787746
APP026701451,Red Hat,5.6.0,196,162,192.168.243.251,eu_11838,2023-12-09 00:05:13.787746
WEB018993581,Red Hat,5.6.0,227,152,10.88.217.182,au_77600,2023-11-11 00:05:13.787746
APP099163754,Ubuntu,5.10.0,222,130,172.31.165.178,au_25552,2023-11-15 00:05:13.787746
APP116289003,CentOS,5.6.0,176,133,172.18.123.17,eu_23263,2023-11-24 00:05:13.787746
SYS112877215,Debian,4.19.0,310,136,192.168.227.238,au_11362,2023-10-28 00:05:13.787746
SYS085354085,CentOS,4.18.0,330,168,192.168.192.180,eu_11838,2023-11-13 00:05:13.787746
SYS048663179,SUSE,4.12.0,290,162,192.168.90.184,au_75432,2023-10-30 00:05:13.787746
APP089717754,Red Hat,3.10.0,394,165,192.168.63.225,eu_10858,2023-11-04 00:05:13.787746
WEB027016608,Ubuntu,4.15.0,289,170,172.22.44.251,us_68077,2023-11-07 00:05:13.787746
SYS098019948,Ubuntu,5.4.0,189,141,172.16.162.13,eu_69372,2023-11-19 00:05:13.787746
SYS098375501,Debian,5.15.0,166,124,172.27.115.69,au_40513,2023-11-19 00:05:13.787746
APP047589979,CentOS,5.6.0,173,143,10.155.58.55,au_16507,2023-12-09 00:05:13.787746
SYS125711300,Debian,5.15.0,201,128,192.168.252.212,us_19904,2023-11-16 00:05:13.787746
WEB065488515,Red Hat,4.18.0,330,115,172.31.197.83,au_40513,2023-10-13 00:05:13.787746
WEB012726149,Debian,5.15.0,187,117,192.168.107.13,us_34800,2023-11-18 00:05:13.787746
SYS103316374,Ubuntu,5.4.0,187,115,10.202.203.206,au_89783,2023-11-13 00:05:13.787746
SYS045160918,Ubuntu,5.10.0,234,175,10.252.239.13,au_40513,2023-11-29 00:05:13.787746
APP087982701,SUSE,5.10.0,177,130,10.89.222.234,eu_23263,2023-11-24 00:05:13.787746
WEB090869785,SUSE,4.12.0,266,140,10.33.78.37,au_25552,2023-10-28 00:05:13.787746
WEB039221698,Red Hat,4.18.0,283,99,10.116.183.217,au_86362,2023-10-21 00:05:13.787746
SYS105866932,CentOS,3.10.0,386,142,192.168.140.116,au_25552,2023-10-20 00:05:13.787746
APP056547229,Debian,4.19.0,265,119,10.11.214.14,au_40513,2023-10-31 00:05:13.787746
WEB079848581,Red Hat,3.10.0,397,138,192.168.129.126,us_68077,2023-10-21 00:05:13.787746
WEB113339451,SUSE,4.19.0,318,165,192.168.232.105,us_10113,2023-11-14 00:05:13.787746
APP112288516,Debian,5.10.0,174,113,10.26.141.194,au_89783,2023-11-20 00:05:13.787746
APP068799683,SUSE,5.10.0,201,118,172.29.5.32,au_89783,2023-11-12 00:05:13.787746
WEB056081060,Debian,4.19.0,307,116,172.30.238.71,au_75432,2023-10-20 00:05:13.787746
WEB030034240,CentOS,5.6.0,198,158,172.17.100.16,us_52113,2023-11-30 00:05:13.787746
APP114204381,Red Hat,3.10.0,403,173,192.168.142.77,au_11362,2023-10-30 00:05:13.787746
WEB015719836,Debian,5.10.0,203,150,172.26.30.167,au_16507,2023-11-26 00:05:13.787746
SYS128638406,Ubuntu,5.4.0,183,106,10.171.94.143,eu_11838,2023-11-15 00:05:13.787746
SYS076658004,Ubuntu,5.4.0,229,153,10.12.253.140,au_75432,2023-11-09 00:05:13.787746
APP124397356,Debian,4.19.0,324,184,192.168.216.254,au_75432,2023-11-08 00:05:13.787746
APP108933477,Debian,5.10.0,223,173,10.100.205.9,us_52113,2023-12-07 00:05:13.797788
APP031228165,Debian,4.19.0,320,124,10.32.45.26,au_18036,2023-11-02 00:05:13.797788
SYS016484225,Ubuntu,5.10.0,168,92,192.168.14.69,au_40513,2023-10-28 00:05:13.797788
WEB104057205,Ubuntu,4.15.0,318,178,172.16.196.204,au_77600,2023-11-13 00:05:13.797788
SYS035909477,Debian,5.15.0,213,140,192.168.171.41,eu_69372,2023-11-11 00:05:13.797788
WEB108515837,SUSE,4.12.0,269,115,172.31.39.137,au_89783,2023-11-05 00:05:13.797788
SYS038182686,SUSE,5.10.0,195,107,10.27.222.159,us_52113,2023-10-29 00:05:13.797788
WEB096153356,CentOS,4.18.0,305,155,172.23.147.103,au_77600,2023-10-27 00:05:13.797788
SYS065439878,Red Hat,5.6.0,233,188,10.224.134.239,au_11362,2023-11-29 00:05:13.797788
APP090157390,SUSE,4.19.0,314,200,10.63.233.62,eu_77467,2023-11-25 00:05:13.797788
SYS103056168,Ubuntu,5.4.0,182,131,10.17.18.108,eu_23263,2023-11-27 00:05:13.797788
WEB058408586,SUSE,5.10.0,233,163,172.18.20.182,eu_69372,2023-11-22 00:05:13.797788
SYS097704351,CentOS,3.10.0,400,72,10.226.67.33,us_52113,2023-10-05 00:05:13.797788
SYS091128807,CentOS,3.10.0,394,122,10.221.26.0,au_89783,2023-10-20 00:05:13.797788
SYS111336139,Red Hat,3.10.0,393,102,10.28.144.128,us_68077,2023-10-21 00:05:13.797788
APP096120758,SUSE,4.12.0,267,141,192.168.195.78,us_19904,2023-11-03 00:05:13.797788
SYS011102489,Ubuntu,4.15.0,297,139,172.29.39.203,au_89783,2023-10-30 00:05:13.797788
APP029346677,Ubuntu,5.4.0,209,129,10.5.110.56,us_10113,2023-11-17 00:05:13.797788
APP116650616,Debian,4.19.0,292,110,172.29.179.10,us_52113,2023-11-01 00:05:13.797788
SYS090919017,Ubuntu,5.4.0,208,133,192.168.173.226,eu_77467,2023-11-05 00:05:13.797788
SYS068144911,Red Hat,4.18.0,282,107,192.168.13.76,au_40513,2023-10-23 00:05:13.797788
SYS057660723,Red Hat,4.18.0,297,118,172.22.40.206,au_40513,2023-10-19 00:05:13.797788
WEB093268422,Ubuntu,5.10.0,206,175,10.34.149.48,au_15315,2023-12-05 00:05:13.797788
SYS055088213,Ubuntu,5.10.0,203,138,192.168.99.33,eu_11838,2023-11-28 00:05:13.797788
APP010996887,Debian,5.10.0,167,118,192.168.131.55,us_57346,2023-11-25 00:05:13.797788
SYS024353681,Ubuntu,5.10.0,191,154,172.30.58.92,us_68077,2023-12-04 00:05:13.797788
WEB032239438,Debian,4.19.0,333,216,10.22.144.114,eu_69372,2023-11-09 00:05:13.797788
SYS022908782,Debian,4.19.0,290,150,10.223.39.124,au_15315,2023-11-01 00:05:13.797788
WEB024141398,Ubuntu,5.4.0,200,157,192.168.183.42,au_15315,2023-12-03 00:05:13.797788
WEB085523146,CentOS,3.10.0,398,99,172.20.168.245,eu_23263,2023-10-02 00:05:13.797788
SYS101357759,CentOS,4.18.0,331,145,10.175.144.161,au_18036,2023-10-31 00:05:13.797788
APP104929951,Debian,5.10.0,225,150,172.16.66.52,eu_22256,2023-11-08 00:05:13.797788
WEB066205331,Ubuntu,4.15.0,316,173,192.168.74.9,eu_77467,2023-10-28 00:05:13.797788
SYS126452574,CentOS,5.6.0,180,135,10.27.245.124,au_25552,2023-12-01 00:05:13.797788
SYS087547816,Ubuntu,4.15.0,307,135,172.22.105.114,us_19904,2023-11-01 00:05:13.797788
APP039142832,Ubuntu,4.15.0,311,121,192.168.35.5,au_89783,2023-10-24 00:05:13.797788
WEB051108090,Ubuntu,5.4.0,186,137,172.31.57.35,us_52113,2023-11-21 00:05:13.797788
WEB106930841,SUSE,4.19.0,282,109,192.168.239.79,au_75432,2023-10-23 00:05:13.797788
SYS098725630,Ubuntu,5.4.0,234,168,192.168.171.219,eu_51465,2023-11-13 00:05:13.797788
SYS104278819,SUSE,4.19.0,293,164,192.168.168.64,au_86362,2023-11-03 00:05:13.797788
APP075803928,Debian,5.15.0,232,176,10.21.154.53,us_34800,2023-12-02 00:05:13.797788
APP092722998,CentOS,5.6.0,219,170,172.16.30.73,au_77600,2023-12-05 00:05:13.797788
WEB112750374,CentOS,5.6.0,208,168,192.168.117.230,eu_22256,2023-11-26 00:05:13.797788
WEB041453030,CentOS,4.18.0,309,154,172.23.166.11,au_89783,2023-11-09 00:05:13.797788
SYS095677008,CentOS,4.18.0,271,154,172.26.155.197,us_57346,2023-11-03 00:05:13.797788
WEB115184497,CentOS,4.18.0,304,164,192.168.204.245,us_34800,2023-11-10 00:05:13.797788
APP099266596,CentOS,5.6.0,228,139,10.3.113.130,us_57346,2023-11-16 00:05:13.797788
APP111846386,CentOS,4.18.0,313,112,172.27.115.206,au_89783,2023-10-30 00:05:13.797788
SYS075577908,Debian,4.19.0,303,133,10.72.232.233,au_40513,2023-10-24 00:05:13.797788
APP092723188,Ubuntu,4.15.0,334,160,172.27.132.96,eu_51465,2023-11-08 00:05:13.797788
APP114322250,Red Hat,4.18.0,296,159,10.101.243.110,eu_11838,2023-10-31 00:05:13.797788
APP101365178,SUSE,4.12.0,287,172,10.112.25.144,au_89783,2023-11-12 00:05:13.797788
APP117739264,Red Hat,3.10.0,403,84,172.26.223.200,au_18036,2023-10-02 00:05:13.797788
SYS013029926,Red Hat,5.6.0,215,126,192.168.100.88,eu_51465,2023-11-09 00:05:13.797788
SYS038092022,Ubuntu,5.4.0,165,138,10.134.9.39,au_16507,2023-12-11 00:05:13.797788
WEB052869901,Ubuntu,5.4.0,205,118,10.70.68.200,eu_77467,2023-11-04 00:05:13.797788
APP124137972,Ubuntu,5.10.0,216,149,172.19.141.14,us_10113,2023-11-28 00:05:13.797788
WEB082369293,CentOS,3.10.0,394,130,172.25.195.39,au_75432,2023-10-19 00:05:13.797788
SYS039842572,Debian,4.19.0,322,164,172.27.234.75,us_15438,2023-11-10 00:05:13.797788
SYS109136626,CentOS,4.18.0,312,118,192.168.222.16,eu_56544,2023-10-17 00:05:13.797788
SYS020388621,Debian,4.19.0,342,126,192.168.73.243,us_19904,2023-10-13 00:05:13.797788
SYS101279905,Debian,5.15.0,184,106,10.98.36.12,us_19904,2023-11-08 00:05:13.797788
SYS098117293,Red Hat,5.6.0,216,157,192.168.191.158,us_10113,2023-11-22 00:05:13.797788
SYS090686502,Red Hat,4.18.0,279,142,172.23.211.89,au_11362,2023-10-29 00:05:13.797788
SYS128637656,Debian,5.15.0,167,103,10.96.209.255,au_40513,2023-11-23 00:05:13.797788
APP109162470,Debian,5.15.0,159,117,192.168.76.16,us_15438,2023-11-15 00:05:13.797788
WEB041498642,CentOS,4.18.0,310,186,172.24.246.92,us_34800,2023-11-18 00:05:13.797788
SYS040098182,CentOS,5.6.0,203,113,10.250.92.251,au_89783,2023-10-29 00:05:13.797788
APP016356515,Red Hat,5.6.0,190,133,10.240.251.77,au_25552,2023-11-16 00:05:13.797788
APP036944868,Ubuntu,5.10.0,164,124,192.168.85.185,au_77600,2023-11-20 00:05:13.797788
WEB105946360,Debian,4.19.0,286,122,192.168.191.159,us_15438,2023-10-24 00:05:13.797788
SYS098725889,CentOS,4.18.0,300,132,172.21.186.91,au_11362,2023-10-29 00:05:13.797788
WEB084495628,Red Hat,4.18.0,315,166,172.31.119.43,au_11362,2023-11-03 00:05:13.797788
SYS111372135,CentOS,4.18.0,299,185,192.168.242.144,au_16507,2023-11-22 00:05:13.797788
APP096589027,Debian,4.19.0,305,179,172.17.43.221,eu_56544,2023-11-08 00:05:13.797788
APP070127968,Debian,4.19.0,292,151,10.103.239.174,eu_10858,2023-11-02 00:05:13.797788
APP021435191,SUSE,4.19.0,334,190,172.28.171.54,au_11362,2023-11-01 00:05:13.797788
APP016698493,Ubuntu,4.15.0,279,128,10.193.17.4,eu_77467,2023-10-30 00:05:13.797788
WEB012770386,SUSE,4.19.0,286,154,192.168.191.138,au_11362,2023-11-14 00:05:13.797788
SYS053098836,Red Hat,3.10.0,390,113,172.20.76.111,eu_56544,2023-10-18 00:05:13.797788
SYS102053023,CentOS,5.6.0,210,128,10.180.1.161,us_68077,2023-11-09 00:05:13.797788
WEB024656692,Red Hat,5.6.0,179,136,10.238.53.167,us_19904,2023-12-01 00:05:13.797788
SYS048011844,Debian,5.10.0,202,145,192.168.218.42,eu_11838,2023-11-26 00:05:13.797788
APP128955435,SUSE,4.12.0,303,139,172.29.22.36,us_19904,2023-10-23 00:05:13.797788
SYS103769044,SUSE,4.12.0,286,177,172.26.37.8,eu_56544,2023-11-12 00:05:13.797788
APP036818185,SUSE,5.10.0,206,115,172.21.191.0,us_34800,2023-11-08 00:05:13.797788
WEB055184890,Red Hat,5.6.0,179,114,172.18.109.173,au_25552,2023-11-18 00:05:13.797788
SYS057697356,Debian,4.19.0,277,102,172.25.108.176,eu_69372,2023-10-17 00:05:13.797788
WEB087907142,CentOS,3.10.0,401,152,192.168.40.4,eu_77467,2023-10-27 00:05:13.797788
SYS026335652,CentOS,3.10.0,366,131,172.19.38.42,eu_51465,2023-10-16 00:05:13.797788
APP098043419,Red Hat,3.10.0,357,89,10.19.153.158,eu_77467,2023-10-20 00:05:13.797788
WEB075182759,SUSE,4.12.0,310,170,192.168.100.174,us_10113,2023-10-31 00:05:13.797788
SYS063942370,Ubuntu,4.15.0,320,150,192.168.154.253,eu_11838,2023-10-31 00:05:13.797788
APP123334336,Red Hat,4.18.0,290,168,192.168.140.134,au_86362,2023-11-11 00:05:13.797788
WEB043952115,Red Hat,3.10.0,386,111,10.70.150.65,us_19904,2023-10-12 00:05:13.797788
WEB027908075,Debian,5.15.0,220,147,192.168.133.179,us_57346,2023-11-15 00:05:13.797788
SYS069579475,CentOS,4.18.0,277,174,10.144.78.5,au_89783,2023-11-21 00:05:13.797788
SYS038463923,Red Hat,3.10.0,372,85,172.28.236.5,us_57346,2023-10-04 00:05:13.797788
SYS018678084,Red Hat,5.6.0,214,126,172.16.97.104,us_57346,2023-11-15 00:05:13.797788
APP066271873,SUSE,4.19.0,300,159,172.20.198.233,us_34800,2023-10-28 00:05:13.797788
SYS060036917,SUSE,5.10.0,221,185,172.22.183.75,eu_69372,2023-11-26 00:05:13.797788
WEB065942844,Ubuntu,4.15.0,257,118,172.30.255.231,us_19904,2023-11-02 00:05:13.797788
WEB044795520,Debian,4.19.0,271,100,192.168.174.106,au_40513,2023-10-16 00:05:13.797788
SYS086365565,Ubuntu,4.15.0,300,135,10.96.45.108,au_86362,2023-11-01 00:05:13.797788
SYS057292939,SUSE,4.12.0,308,154,172.29.93.178,us_57346,2023-11-10 00:05:13.797788
WEB024386632,CentOS,4.18.0,316,126,10.15.105.205,au_75432,2023-10-15 00:05:13.797788
APP032702677,SUSE,4.19.0,303,166,172.20.27.104,au_11362,2023-11-04 00:05:13.797788
SYS038857445,Debian,5.15.0,203,172,172.16.79.78,us_10113,2023-12-05 00:05:13.797788
SYS099061209,SUSE,4.12.0,292,143,172.27.89.101,au_16507,2023-11-04 00:05:13.797788
WEB044717540,Debian,5.15.0,231,152,172.29.159.126,au_86362,2023-11-20 00:05:13.797788
SYS065884504,Debian,5.10.0,177,118,192.168.153.106,au_77600,2023-11-08 00:05:13.797788
APP071593999,Debian,4.19.0,307,116,172.17.7.219,us_68077,2023-10-30 00:05:13.797788
WEB118245582,Debian,4.19.0,280,170,10.169.22.152,au_18036,2023-11-16 00:05:13.797788
SYS087169472,Debian,5.10.0,210,140,192.168.200.34,au_15315,2023-11-18 00:05:13.797788
WEB112256991,CentOS,4.18.0,279,131,172.28.128.23,eu_69372,2023-10-31 00:05:13.797788
SYS071125354,Ubuntu,5.4.0,214,160,10.96.109.237,au_18036,2023-11-25 00:05:13.797788
SYS064496472,Red Hat,4.18.0,302,144,172.30.114.250,au_89783,2023-11-07 00:05:13.797788
SYS069876220,Ubuntu,5.4.0,234,173,192.168.47.189,au_11362,2023-12-01 00:05:13.798598
APP012341320,Debian,4.19.0,294,108,10.90.243.30,au_86362,2023-10-26 00:05:13.798598
APP071117809,CentOS,4.18.0,308,181,10.250.43.134,eu_77467,2023-11-02 00:05:13.798598
WEB016811490,SUSE,4.12.0,284,178,10.35.148.84,eu_77467,2023-11-22 00:05:13.798598
SYS031643342,CentOS,3.10.0,394,133,172.23.117.15,us_19904,2023-10-14 00:05:13.798598
SYS082282008,Debian,5.10.0,202,169,172.18.61.69,eu_51465,2023-11-28 00:05:13.798598
APP115577842,CentOS,4.18.0,269,107,172.16.90.127,au_18036,2023-10-18 00:05:13.798598
SYS097282996,CentOS,3.10.0,371,107,10.210.92.103,us_57346,2023-10-07 00:05:13.798598
APP089688456,Debian,5.10.0,211,154,172.19.139.54,au_16507,2023-11-28 00:05:13.798598
SYS088317456,CentOS,4.18.0,297,154,10.244.221.85,au_86362,2023-11-10 00:05:13.798598
WEB074240087,Red Hat,4.18.0,288,135,192.168.105.183,us_10113,2023-10-31 00:05:13.798598
SYS035478076,Red Hat,5.6.0,185,120,10.158.152.126,us_19904,2023-11-21 00:05:13.798598
SYS084064936,CentOS,3.10.0,386,73,172.31.49.101,au_11362,2023-10-01 00:05:13.798598
APP018536867,SUSE,5.10.0,202,135,10.158.225.113,eu_22256,2023-11-15 00:05:13.798598
SYS073266347,Debian,5.10.0,208,124,192.168.234.252,au_86362,2023-11-04 00:05:13.798598
SYS026389446,Red Hat,5.6.0,158,121,172.20.144.238,us_57346,2023-12-05 00:05:13.798598
APP118463128,SUSE,4.19.0,328,134,172.28.198.140,us_19904,2023-10-17 00:05:13.798598
WEB034179745,CentOS,5.6.0,226,128,192.168.168.100,eu_10858,2023-11-13 00:05:13.798598
WEB129735023,SUSE,4.19.0,253,131,192.168.235.159,eu_69372,2023-11-04 00:05:13.798598
APP018021440,Ubuntu,5.10.0,221,161,172.18.234.80,us_10113,2023-11-24 00:05:13.798598
APP037031204,Red Hat,5.6.0,221,179,172.30.154.16,us_15438,2023-11-25 00:05:13.798598
APP083564754,CentOS,5.6.0,200,144,172.25.132.179,us_52113,2023-11-24 00:05:13.798598
APP080512042,Debian,4.19.0,274,123,172.21.154.162,us_57346,2023-10-20 00:05:13.798598
APP071872348,CentOS,5.6.0,220,173,172.29.211.146,eu_77467,2023-11-20 00:05:13.798598
WEB070136739,Debian,4.19.0,295,150,172.21.222.198,us_15438,2023-10-27 00:05:13.798598
WEB120371839,CentOS,4.18.0,310,114,192.168.201.127,au_75432,2023-10-30 00:05:13.798598
APP086452083,SUSE,5.10.0,244,175,192.168.122.185,eu_22256,2023-11-15 00:05:13.798598
SYS091474357,SUSE,4.19.0,305,189,10.149.114.141,au_16507,2023-11-08 00:05:13.798598
APP013136505,SUSE,4.19.0,281,132,192.168.111.60,eu_56544,2023-11-08 00:05:13.798598
SYS034916306,Ubuntu,5.10.0,193,123,172.19.225.31,au_11362,2023-11-23 00:05:13.798598
APP019792516,Debian,4.19.0,284,110,172.19.93.255,eu_22256,2023-10-31 00:05:13.798598
APP042719508,SUSE,5.10.0,208,124,192.168.166.235,eu_10858,2023-11-21 00:05:13.798598
WEB015281270,Ubuntu,5.4.0,183,124,172.24.22.170,eu_77467,2023-11-18 00:05:13.798598
SYS045857302,Debian,5.10.0,190,138,10.236.161.55,au_75432,2023-11-13 00:05:13.798598
SYS126524075,CentOS,5.6.0,174,99,10.236.126.173,eu_11838,2023-11-10 00:05:13.798598
WEB127848734,Ubuntu,4.15.0,297,187,172.28.199.104,eu_23263,2023-11-13 00:05:13.798598
WEB102855742,Red Hat,3.10.0,403,153,10.5.127.94,au_11362,2023-10-13 00:05:13.798598
WEB108218273,Ubuntu,5.4.0,146,106,172.20.94.12,eu_56544,2023-11-28 00:05:13.798598
WEB054857089,Ubuntu,5.4.0,205,164,172.30.219.25,eu_23263,2023-11-22 00:05:13.798598
SYS072095933,Debian,4.19.0,299,110,172.18.164.61,eu_11838,2023-10-21 00:05:13.798598
SYS061863875,CentOS,5.6.0,184,126,192.168.224.29,au_15315,2023-11-18 00:05:13.798598
APP092945652,Red Hat,4.18.0,340,183,10.142.235.175,eu_51465,2023-11-09 00:05:13.798598
APP021810224,SUSE,4.12.0,319,191,10.9.63.246,eu_23263,2023-11-10 00:05:13.798598
WEB013173102,SUSE,4.19.0,278,164,192.168.150.154,au_18036,2023-11-19 00:05:13.798598
WEB106789940,Ubuntu,5.10.0,216,136,10.200.29.109,au_75432,2023-11-09 00:05:13.798598
WEB015391034,Debian,4.19.0,324,204,10.5.189.101,eu_23263,2023-11-18 00:05:13.798598
APP117170580,Debian,5.10.0,202,119,192.168.225.157,us_68077,2023-11-03 00:05:13.798598
APP126509485,SUSE,5.10.0,207,167,172.17.26.44,au_15315,2023-12-03 00:05:13.798598
APP011413819,Red Hat,4.18.0,306,195,192.168.226.85,eu_51465,2023-11-22 00:05:13.798598
APP023863389,CentOS,5.6.0,158,94,192.168.52.161,eu_10858,2023-11-07 00:05:13.798598
APP113928862,Red Hat,5.6.0,196,150,172.30.53.35,au_89783,2023-12-03 00:05:13.798598
APP121957618,CentOS,3.10.0,395,63,10.24.234.148,au_75432,2023-09-28 00:05:13.798598
APP032868524,SUSE,5.10.0,228,152,172.23.253.138,au_16507,2023-11-08 00:05:13.798598
WEB099755858,CentOS,4.18.0,306,153,172.22.102.72,au_75432,2023-10-28 00:05:13.798598
WEB066659398,Debian,5.15.0,194,139,10.14.78.178,au_25552,2023-12-02 00:05:13.798598
WEB093684572,Ubuntu,5.10.0,198,164,10.98.97.185,eu_11838,2023-11-30 00:05:13.798598
WEB086004907,Ubuntu,4.15.0,320,176,192.168.112.238,eu_10858,2023-11-03 00:05:13.798598
APP092404339,SUSE,5.10.0,196,135,10.85.244.190,au_16507,2023-11-13 00:05:13.798598
SYS060488895,Debian,5.15.0,186,146,192.168.212.212,au_77600,2023-12-07 00:05:13.798598
APP102107526,Red Hat,4.18.0,294,188,192.168.167.127,au_40513,2023-11-15 00:05:13.798598
SYS034593347,Debian,4.19.0,318,114,172.22.16.197,eu_51465,2023-10-20 00:05:13.798598
WEB051969310,Ubuntu,4.15.0,309,197,192.168.202.69,au_18036,2023-11-21 00:05:13.798598
APP125727912,Ubuntu,4.15.0,300,114,172.22.215.73,us_19904,2023-10-26 00:05:13.798598
WEB104096101,Debian,5.15.0,203,160,10.88.228.236,au_18036,2023-11-30 00:05:13.798598
APP065661390,Debian,4.19.0,288,123,10.161.234.61,us_19904,2023-10-20 00:05:13.798598
WEB016048056,Ubuntu,5.10.0,196,115,10.234.228.173,au_77600,2023-11-02 00:05:13.798598
SYS099258326,Red Hat,5.6.0,186,126,10.142.145.255,us_57346,2023-11-16 00:05:13.798598
SYS016799813,SUSE,4.19.0,294,158,192.168.22.127,eu_10858,2023-11-08 00:05:13.798598
SYS046462259,SUSE,4.19.0,326,149,10.210.123.72,us_57346,2023-11-04 00:05:13.798598
APP027908648,Debian,5.10.0,178,101,172.31.252.134,au_18036,2023-10-30 00:05:13.798598
SYS026862277,SUSE,4.19.0,286,151,10.87.201.125,us_19904,2023-10-26 00:05:13.798598
APP093769387,Ubuntu,5.4.0,174,142,172.26.97.28,au_86362,2023-11-22 00:05:13.798598
SYS108331464,Ubuntu,5.10.0,170,112,192.168.68.15,us_68077,2023-11-11 00:05:13.798598
SYS069116650,Debian,5.15.0,196,119,172.26.44.201,au_77600,2023-11-16 00:05:13.798598
APP063559048,Debian,4.19.0,287,137,192.168.171.146,au_89783,2023-10-25 00:05:13.798598
APP035979274,Debian,5.15.0,235,131,10.229.215.188,au_89783,2023-11-09 00:05:13.798598
SYS013352114,Red Hat,5.6.0,194,155,172.23.112.7,eu_51465,2023-12-03 00:05:13.798598
APP120392407,SUSE,4.19.0,325,195,192.168.6.206,eu_22256,2023-11-07 00:05:13.798598
SYS061477054,Debian,5.15.0,219,159,10.63.132.74,us_34800,2023-12-01 00:05:13.798598
APP048338844,CentOS,4.18.0,295,135,172.29.182.65,us_57346,2023-11-08 00:05:13.798598
WEB097920698,CentOS,3.10.0,442,172,10.30.174.58,eu_56544,2023-10-25 00:05:13.798598
WEB118042044,Ubuntu,4.15.0,305,158,10.151.221.226,us_10113,2023-11-05 00:05:13.798598
WEB049407017,SUSE,5.10.0,230,183,10.104.165.49,au_77600,2023-11-21 00:05:13.798598
WEB074510461,Debian,4.19.0,327,176,192.168.227.48,eu_69372,2023-11-13 00:05:13.798598
WEB046815796,CentOS,5.6.0,208,164,192.168.68.190,au_86362,2023-12-06 00:05:13.798598
SYS091238784,SUSE,4.12.0,315,166,172.17.68.118,au_77600,2023-11-12 00:05:13.798598
WEB120038457,Ubuntu,5.4.0,212,142,192.168.212.108,au_75432,2023-11-27 00:05:13.798598
WEB086205557,Red Hat,4.18.0,277,177,192.168.12.33,us_15438,2023-11-24 00:05:13.798598
WEB114384049,SUSE,4.19.0,301,153,10.169.156.65,au_25552,2023-10-31 00:05:13.798598
WEB070843255,SUSE,4.19.0,321,170,172.17.186.249,us_10113,2023-11-07 00:05:13.798598
APP072168938,Red Hat,5.6.0,230,142,192.168.113.228,us_52113,2023-11-08 00:05:13.798598
SYS073926496,SUSE,4.12.0,285,153,192.168.164.173,eu_23263,2023-10-27 00:05:13.798598
WEB067823291,Ubuntu,5.10.0,210,151,10.3.24.6,eu_22256,2023-11-19 00:05:13.798598
WEB093248264,Ubuntu,5.4.0,203,123,10.35.213.16,au_86362,2023-11-21 00:05:13.798598
WEB039251888,Red Hat,5.6.0,197,112,10.72.118.226,us_57346,2023-11-17 00:05:13.798598
SYS121252054,Debian,4.19.0,307,162,10.88.236.9,au_89783,2023-10-28 00:05:13.798598
APP076474233,CentOS,5.6.0,204,159,192.168.104.163,au_77600,2023-11-27 00:05:13.798598
SYS022209944,Debian,4.19.0,310,158,10.218.60.26,au_86362,2023-10-28 00:05:13.798598
APP109939331,SUSE,5.10.0,228,141,192.168.84.12,eu_10858,2023-11-06 00:05:13.798598
WEB110517289,CentOS,3.10.0,415,145,192.168.217.24,au_16507,2023-10-11 00:05:13.798598
WEB107526775,Red Hat,3.10.0,406,69,10.155.48.4,eu_22256,2023-09-25 00:05:13.798598
SYS032330609,Red Hat,4.18.0,337,161,172.22.113.224,eu_11838,2023-10-30 00:05:13.798598
SYS056333129,CentOS,3.10.0,422,84,172.31.101.192,au_25552,2023-10-10 00:05:13.798598
APP089757361,Ubuntu,5.4.0,198,120,10.184.27.31,us_57346,2023-11-03 00:05:13.798598
APP070965696,CentOS,4.18.0,275,112,172.31.16.21,us_68077,2023-10-24 00:05:13.798598
SYS129988087,SUSE,4.19.0,280,131,172.29.222.169,au_86362,2023-11-08 00:05:13.798598
APP027703885,Ubuntu,5.10.0,218,124,10.246.200.204,au_16507,2023-11-06 00:05:13.798598
SYS070868036,Red Hat,5.6.0,187,125,10.218.211.209,eu_11838,2023-11-16 00:05:13.798598
APP057644723,CentOS,5.6.0,179,125,10.153.183.243,au_75432,2023-11-12 00:05:13.798598
SYS074908277,Debian,5.15.0,184,126,192.168.89.245,us_10113,2023-11-16 00:05:13.798598
SYS117181294,Debian,4.19.0,286,131,172.25.201.128,au_77600,2023-11-02 00:05:13.798598
SYS128266577,SUSE,4.12.0,317,190,172.31.99.19,au_75432,2023-11-02 00:05:13.798598
APP012793716,Debian,5.15.0,196,115,10.240.66.165,eu_77467,2023-11-04 00:05:13.798598
APP055211174,CentOS,3.10.0,372,111,10.97.22.162,au_11362,2023-10-13 00:05:13.798598
APP115186893,CentOS,3.10.0,400,68,10.191.158.184,au_16507,2023-10-08 00:05:13.798598
SYS036860256,Debian,5.10.0,204,116,172.29.78.102,us_10113,2023-11-11 00:05:13.798598
APP102222061,CentOS,4.18.0,290,150,172.27.240.205,au_77600,2023-11-01 00:05:13.798598
APP054742123,SUSE,4.19.0,323,167,172.18.71.141,us_57346,2023-11-13 00:05:13.798598
SYS040940777,Ubuntu,5.4.0,191,154,172.19.251.184,us_19904,2023-12-05 00:05:13.798598
WEB088097336,SUSE,4.12.0,322,167,172.21.50.18,au_11362,2023-10-31 00:05:13.798598
SYS107767194,SUSE,5.10.0,211,177,10.130.177.59,us_15438,2023-12-03 00:05:13.798598
APP100384985,CentOS,3.10.0,418,66,192.168.250.44,us_52113,2023-10-05 00:05:13.798598
SYS040220507,Ubuntu,4.15.0,278,105,192.168.29.139,au_75432,2023-10-29 00:05:13.798598
WEB030994513,CentOS,3.10.0,401,64,192.168.217.27,us_15438,2023-10-04 00:05:13.798598
SYS011622493,Red Hat,4.18.0,298,122,192.168.244.152,au_75432,2023-10-20 00:05:13.798598
APP119982792,CentOS,4.18.0,271,138,10.185.11.75,us_57346,2023-11-08 00:05:13.798598
WEB060145565,CentOS,4.18.0,322,173,192.168.14.119,us_52113,2023-11-16 00:05:13.798598
APP026814720,CentOS,5.6.0,183,102,192.168.75.183,eu_56544,2023-11-04 00:05:13.798598
WEB024586830,Ubuntu,4.15.0,287,180,172.20.183.59,eu_77467,2023-11-04 00:05:13.798598
WEB123901989,CentOS,5.6.0,179,143,172.21.42.105,au_40513,2023-11-27 00:05:13.798598
SYS027946956,Ubuntu,5.4.0,214,136,10.47.66.180,au_18036,2023-11-22 00:05:13.798598
SYS058995293,Debian,5.15.0,169,96,192.168.196.201,eu_56544,2023-11-12 00:05:13.798598
APP107877291,Red Hat,3.10.0,412,82,172.18.146.54,us_68077,2023-09-29 00:05:13.798598
SYS044301079,Ubuntu,4.15.0,320,124,192.168.216.140,us_34800,2023-10-29 00:05:13.798598
SYS111396603,Debian,5.10.0,210,123,10.129.120.86,eu_10858,2023-11-08 00:05:13.798598
WEB065830341,Ubuntu,5.4.0,214,151,192.168.195.252,eu_10858,2023-11-23 00:05:13.798598
SYS051448857,Ubuntu,5.10.0,215,133,192.168.210.190,us_15438,2023-11-19 00:05:13.798598
WEB011556996,Red Hat,4.18.0,281,129,192.168.55.242,us_57346,2023-10-24 00:05:13.798598
WEB012355772,SUSE,4.19.0,328,213,192.168.176.84,us_15438,2023-11-11 00:05:13.798598
WEB012727850,SUSE,4.12.0,290,162,10.107.70.238,us_57346,2023-11-05 00:05:13.798598
APP086084956,Ubuntu,5.4.0,198,164,192.168.157.191,au_77600,2023-12-07 00:05:13.798598
APP098039559,CentOS,4.18.0,293,114,10.251.195.38,au_18036,2023-11-01 00:05:13.798598
APP022405683,Debian,4.19.0,309,142,10.213.239.18,eu_10858,2023-10-28 00:05:13.798598
WEB039962915,CentOS,3.10.0,389,124,192.168.147.161,au_89783,2023-10-16 00:05:13.798598
APP055046174,CentOS,5.6.0,201,114,192.168.90.81,eu_22256,2023-11-15 00:05:13.798598
APP045743843,Ubuntu,5.4.0,175,96,172.20.76.114,us_52113,2023-11-16 00:05:13.798598
SYS031503178,Ubuntu,4.15.0,323,177,10.56.113.37,eu_10858,2023-11-15 00:05:13.798598
APP090782354,Ubuntu,5.10.0,213,157,172.22.205.102,au_40513,2023-11-14 00:05:13.798598
APP088452188,Ubuntu,5.10.0,194,129,10.93.142.181,eu_22256,2023-11-12 00:05:13.798598
WEB112307688,SUSE,4.19.0,290,145,10.209.77.60,au_77600,2023-10-25 00:05:13.798598
WEB020409157,Ubuntu,5.4.0,212,142,172.19.126.135,au_40513,2023-11-24 00:05:13.798598
WEB080184098,SUSE,5.10.0,185,103,192.168.150.20,au_16507,2023-10-29 00:05:13.798598
WEB053533443,SUSE,4.12.0,302,135,10.141.179.198,au_75432,2023-11-05 00:05:13.798598
WEB095714220,Ubuntu,5.10.0,223,133,10.120.53.25,au_40513,2023-11-11 00:05:13.798598
WEB051098812,Red Hat,4.18.0,283,107,172.19.57.212,eu_10858,2023-10-16 00:05:13.798598
APP048585422,Debian,4.19.0,307,196,10.3.179.54,au_75432,2023-11-18 00:05:13.798598
WEB124932148,CentOS,3.10.0,406,133,192.168.21.110,au_25552,2023-10-19 00:05:13.798598
WEB105870203,SUSE,5.10.0,198,152,10.3.183.214,eu_56544,2023-12-04 00:05:13.798598
SYS080160164,Debian,5.10.0,189,120,172.24.129.186,au_40513,2023-11-22 00:05:13.798598
APP072997950,Red Hat,5.6.0,224,150,172.26.200.243,us_34800,2023-11-15 00:05:13.798598
APP055381790,CentOS,5.6.0,188,116,192.168.189.215,us_52113,2023-11-10 00:05:13.798598
APP031717472,CentOS,5.6.0,163,94,192.168.161.101,au_40513,2023-11-04 00:05:13.798598
WEB083329452,SUSE,4.12.0,312,124,10.204.4.111,au_25552,2023-10-23 00:05:13.798598
WEB072557701,Ubuntu,4.15.0,275,162,172.27.100.151,eu_77467,2023-11-08 00:05:13.798598
WEB027157729,Red Hat,4.18.0,313,172,172.16.25.69,us_57346,2023-11-17 00:05:13.798598
SYS055992817,SUSE,4.19.0,326,166,172.28.219.157,au_11362,2023-11-10 00:05:13.798598
WEB071581480,Red Hat,5.6.0,212,146,192.168.71.25,au_77600,2023-11-10 00:05:13.798598
SYS086963938,Ubuntu,5.10.0,221,183,10.143.22.94,au_77600,2023-12-11 00:05:13.798598
APP092761535,Ubuntu,5.10.0,240,136,192.168.127.64,us_19904,2023-11-05 00:05:13.798598
WEB129669584,SUSE,4.19.0,319,137,172.31.52.213,au_25552,2023-11-03 00:05:13.798598
SYS123219710,Ubuntu,4.15.0,306,137,192.168.96.57,eu_77467,2023-10-24 00:05:13.798598
SYS109758172,Debian,4.19.0,332,192,10.164.245.62,au_77600,2023-11-05 00:05:13.798598
WEB034619195,CentOS,5.6.0,235,199,10.23.109.26,au_77600,2023-12-09 00:05:13.798598
APP075701321,SUSE,5.10.0,235,145,192.168.227.124,au_25552,2023-11-18 00:05:13.798598
APP100227848,Red Hat,5.6.0,190,153,10.204.226.115,eu_11838,2023-11-27 00:05:13.798598
APP079973359,Debian,5.15.0,172,137,192.168.41.169,au_18036,2023-12-01 00:05:13.798598
SYS059465191,SUSE,4.19.0,288,120,172.31.60.100,au_86362,2023-11-01 00:05:13.798598
SYS019862404,Ubuntu,4.15.0,314,147,192.168.51.110,au_25552,2023-10-26 00:05:13.798598
SYS068008510,Ubuntu,5.10.0,203,136,192.168.99.225,eu_77467,2023-11-25 00:05:13.798598
SYS050369652,Ubuntu,5.4.0,195,163,192.168.16.64,au_16507,2023-11-26 00:05:13.798598
APP126666836,Ubuntu,5.10.0,211,126,10.44.151.11,au_18036,2023-11-11 00:05:13.798598
WEB112723864,Red Hat,5.6.0,170,134,172.30.240.12,eu_56544,2023-12-06 00:05:13.798598
SYS066242200,Debian,4.19.0,302,135,10.59.58.59,au_16507,2023-10-25 00:05:13.798598
SYS020276212,CentOS,5.6.0,222,170,172.23.181.119,us_34800,2023-11-26 00:05:13.798598
APP036796922,Red Hat,3.10.0,410,114,10.45.202.1,au_75432,2023-10-18 00:05:13.798598
WEB088687652,Red Hat,3.10.0,413,132,10.14.246.40,au_86362,2023-10-19 00:05:13.798598
WEB042690973,CentOS,3.10.0,431,172,10.167.43.28,us_52113,2023-10-28 00:05:13.798598
APP123846895,CentOS,4.18.0,298,175,172.23.13.82,au_15315,2023-11-15 00:05:13.798598
APP060097516,Ubuntu,5.4.0,186,150,192.168.243.221,us_34800,2023-12-07 00:05:13.798598
WEB107128474,Red Hat,3.10.0,423,71,192.168.69.129,eu_23263,2023-10-06 00:05:13.798598
SYS091891370,SUSE,5.10.0,223,169,192.168.251.226,au_86362,2023-12-01 00:05:13.798598
WEB111894901,CentOS,3.10.0,411,78,10.170.100.232,eu_77467,2023-10-02 00:05:13.798598
APP068077871,CentOS,5.6.0,196,131,10.33.28.9,eu_51465,2023-11-14 00:05:13.798598
SYS105654429,Debian,4.19.0,300,153,192.168.195.103,eu_22256,2023-11-03 00:05:13.798598
SYS019494076,SUSE,5.10.0,174,116,192.168.223.185,us_52113,2023-11-12 00:05:13.798598
APP102904907,SUSE,4.19.0,322,164,10.59.59.183,us_15438,2023-10-28 00:05:13.798598
APP057128142,CentOS,5.6.0,221,187,172.18.218.58,us_52113,2023-12-02 00:05:13.798598
APP052944402,Ubuntu,4.15.0,273,106,172.22.5.96,us_19904,2023-10-21 00:05:13.798598
WEB121929277,Debian,5.10.0,217,162,192.168.188.72,au_40513,2023-11-29 00:05:13.798598
WEB062437284,SUSE,5.10.0,208,139,10.194.168.238,au_16507,2023-11-10 00:05:13.798598
SYS015129277,CentOS,5.6.0,179,105,192.168.159.33,us_57346,2023-11-20 00:05:13.798598
APP076372393,SUSE,5.10.0,175,105,10.97.53.6,au_75432,2023-11-15 00:05:13.798598
SYS125041025,Debian,5.15.0,207,171,172.26.58.131,au_77600,2023-11-27 00:05:13.798598
SYS086747837,Debian,5.15.0,192,155,172.20.10.181,au_18036,2023-12-09 00:05:13.798598
SYS076742868,Red Hat,4.18.0,336,208,192.168.113.188,eu_77467,2023-11-20 00:05:13.798598
SYS014765807,CentOS,4.18.0,319,207,10.235.212.32,au_89783,2023-11-14 00:05:13.798598
APP028569455,Debian,5.10.0,209,127,172.25.127.148,eu_11838,2023-11-11 00:05:13.798598
SYS054149674,Red Hat,4.18.0,310,142,10.233.92.151,au_86362,2023-10-25 00:05:13.798598
APP113938522,Red Hat,3.10.0,426,149,10.74.175.144,us_10113,2023-10-14 00:05:13.798598
APP068001067,SUSE,4.19.0,316,158,192.168.17.149,us_34800,2023-11-10 00:05:13.798598
WEB028175344,SUSE,5.10.0,209,142,192.168.63.54,au_15315,2023-11-28 00:05:13.798598
APP053009100,Red Hat,5.6.0,180,118,172.31.78.23,eu_69372,2023-11-13 00:05:13.798598
WEB103911193,SUSE,4.19.0,361,191,192.168.253.115,au_16507,2023-11-09 00:05:13.798598
APP036921247,Debian,5.15.0,177,127,172.28.13.255,au_25552,2023-11-20 00:05:13.798598
APP057174659,Ubuntu,5.4.0,193,115,10.170.145.236,us_10113,2023-11-18 00:05:13.798598
APP052140662,Debian,5.15.0,166,114,10.107.213.122,au_77600,2023-11-20 00:05:13.798598
WEB060442718,Red Hat,3.10.0,410,131,192.168.115.60,eu_22256,2023-10-17 00:05:13.798598
WEB083962712,Red Hat,3.10.0,403,128,192.168.91.168,us_52113,2023-10-15 00:05:13.798598
SYS038639171,Debian,5.10.0,215,131,172.25.146.61,eu_23263,2023-11-12 00:05:13.798598
